{
	"format_version": "1.12.0",
	"minecraft:geometry": [
		{
			"description": {
				"identifier": "geometry.unknown",
				"texture_width": 256,
				"texture_height": 256,
				"visible_bounds_width": 3,
				"visible_bounds_height": 4.5,
				"visible_bounds_offset": [0, 1.75, 0]
			},
			"bones": [
				{
					"name": "Root",
					"pivot": [0, -0.2, 0]
				},
				{
					"name": "AllBody",
					"parent": "Root",
					"pivot": [0, 1.8, 0]
				},
				{
					"name": "UpBody",
					"parent": "AllBody",
					"pivot": [0, 19.8, 0]
				},
				{
					"name": "Arm",
					"parent": "UpBody",
					"pivot": [-0.2, 26.5, 0]
				},
				{
					"name": "LeftArm",
					"parent": "Arm",
					"pivot": [3.65, 28.8, 0],
					"rotation": [0, 0, -18],
					"cubes": [
						{"origin": [2.275, 23.85, -1.9], "size": [3.05, 4, 3.65], "uv": [0, 125]},
						{"origin": [2.35, 22.85, -1.5], "size": [3.05, 7, 3], "uv": [21, 97]},
						{"origin": [2.5, 24.625, -1.95], "size": [3.05, 4, 3.8], "pivot": [4.74098, 26.83014, -0.05], "rotation": [0, 0, -2.5], "uv": [75, 115]},
						{"origin": [5.05818, 25.66048, -0.95], "size": [1, 2, 2], "pivot": [5.55818, 26.66048, 0.05], "rotation": [45, 0, -10], "uv": [66, 118]},
						{"origin": [4.36107, 24.93161, -1.91577], "size": [1.4, 3.05, 2.175], "pivot": [5.06107, 26.45661, -0.82827], "rotation": [-7.37581, -1.363, -10.41214], "uv": [100, 24]},
						{"origin": [4.82494, 25.01132, 0.16642], "size": [1.4, 3.05, 2.075], "pivot": [5.57494, 23.98632, 1.20392], "rotation": [7.37581, 1.363, -10.41214], "uv": [113, 14]}
					]
				},
				{
					"name": "LeftForeArm",
					"parent": "LeftArm",
					"pivot": [3.875, 23.85, 0.025],
					"cubes": [
						{"origin": [2.375, 16.825, -1.475], "size": [3, 7, 3], "uv": [60, 97]}
					]
				},
				{
					"name": "LeftHand",
					"parent": "LeftForeArm",
					"pivot": [3.875, 20.35, 0.025]
				},
				{
					"name": "LeftHandLocator",
					"parent": "LeftHand",
					"pivot": [3.875, 18.35, 0.025]
				},
				{
					"name": "RightArm",
					"parent": "Arm",
					"pivot": [-3.65, 28.8, 0],
					"rotation": [0, 0, 18],
					"cubes": [
						{"origin": [-5.4, 22.85, -1.5], "size": [3.05, 7, 3], "uv": [34, 97]},
						{"origin": [-5.55, 24.625, -1.95], "size": [3.05, 4, 3.8], "pivot": [-4.74098, 26.83014, -0.05], "rotation": [0, 0, 2.5], "uv": [101, 115]},
						{"origin": [-6.22494, 25.01132, 0.16642], "size": [1.4, 3.05, 2.075], "pivot": [-5.57494, 23.98632, 1.20392], "rotation": [7.37581, -1.363, 10.41214], "uv": [113, 14], "mirror": true},
						{"origin": [-5.76107, 24.93161, -1.91577], "size": [1.4, 3.05, 2.175], "pivot": [-5.06107, 26.45661, -0.82827], "rotation": [-7.37581, 1.363, 10.41214], "uv": [100, 24], "mirror": true},
						{"origin": [-6.05818, 25.66048, -0.95], "size": [1, 2, 2], "pivot": [-5.55818, 26.66048, 0.05], "rotation": [45, 0, 10], "uv": [66, 118], "mirror": true},
						{"origin": [-5.325, 23.85, -1.9], "size": [3.05, 4, 3.65], "uv": [88, 115]}
					]
				},
				{
					"name": "RightForeArm",
					"parent": "RightArm",
					"pivot": [-3.875, 23.85, 0.025],
					"cubes": [
						{"origin": [-5.375, 16.825, -1.475], "size": [3, 7, 3], "uv": [60, 97], "mirror": true}
					]
				},
				{
					"name": "RightHand",
					"parent": "RightForeArm",
					"pivot": [-3.875, 20.35, 0.025]
				},
				{
					"name": "RightHandLocator",
					"parent": "RightHand",
					"pivot": [-3.875, 18.35, 0.025]
				},
				{
					"name": "UpperBody",
					"parent": "UpBody",
					"pivot": [0, 23.8, -0.35],
					"cubes": [
						{"origin": [-3.5, 24.33028, -3.47116], "size": [7, 4, 4.075], "pivot": [0, 26.05528, -1.20866], "rotation": [-38, 0, 0], "uv": [52, 17]},
						{"origin": [-2.725, 24.23028, -3.57116], "size": [1, 4, 4.075], "pivot": [0, 26.05528, -1.20866], "rotation": [-38, 0, 0], "uv": [120, 10]},
						{"origin": [1.725, 24.23028, -3.57116], "size": [1, 4, 4.075], "pivot": [0, 26.05528, -1.20866], "rotation": [-38, 0, 0], "uv": [120, 10], "mirror": true},
						{"origin": [-1.625, 24.28028, -3.09616], "size": [0.8, 0.9, 0.8], "pivot": [0, 26.05528, -1.20866], "rotation": [-38, 0, 0], "uv": [47, 78]},
						{"origin": [0.825, 24.28028, -3.09616], "size": [0.8, 0.9, 0.8], "pivot": [0, 26.05528, -1.20866], "rotation": [-38, 0, 0], "uv": [47, 78], "mirror": true},
						{"origin": [0.825, 25.33028, -3.52116], "size": [0.8, 0.8, 1], "pivot": [0, 26.05528, -1.20866], "rotation": [-38, 0, 0], "uv": [47, 81], "mirror": true},
						{"origin": [-1.625, 25.33028, -3.52116], "size": [0.8, 0.8, 1], "pivot": [0, 26.05528, -1.20866], "rotation": [-38, 0, 0], "uv": [47, 81]},
						{"origin": [-3.525, 17.9, -2.15], "size": [7.05, 12, 4.025], "uv": [62, 0]},
						{"origin": [-1.675, 22.28028, -2.19616], "size": [0.8, 0.8, 0.8], "uv": [47, 78]},
						{"origin": [-1.575, 23.93028, -2.27116], "size": [0.8, 0.8, 0.8], "pivot": [-1.175, 24.28028, -1.79616], "rotation": [7.5, 0, 0], "uv": [47, 78]},
						{"origin": [0.775, 23.93028, -2.27116], "size": [0.8, 0.8, 0.8], "pivot": [1.175, 24.28028, -1.79616], "rotation": [7.5, 0, 0], "uv": [47, 78], "mirror": true},
						{"origin": [0.875, 22.28028, -2.19616], "size": [0.8, 0.8, 0.8], "uv": [47, 78], "mirror": true},
						{"origin": [-2.8, 20.90585, -2.19167], "size": [1, 4.075, 1], "pivot": [-2.5, 22.94335, -1.69167], "rotation": [0, 0, 2.5], "uv": [58, 60], "mirror": true},
						{"origin": [1.8, 20.90585, -2.19167], "size": [1, 4.075, 1], "pivot": [2.5, 22.94335, -1.69167], "rotation": [0, 0, -2.5], "uv": [58, 60]},
						{"origin": [-2.525, 28.25, -2.3], "size": [5.05, 2, 4.375], "uv": [109, 2]}
					]
				},
				{
					"name": "LingJie",
					"parent": "UpperBody",
					"pivot": [-0.02587, 29.22095, -2.66255],
					"rotation": [-55, 0, 0],
					"cubes": [
						{"origin": [0.12432, 28.84788, -2.26257], "size": [2, 1, 1], "pivot": [0, 28.74155, -1.96638], "rotation": [46.88102, 10.21026, -4.50779], "uv": [121, 63]},
						{"origin": [-2.12432, 28.84788, -2.26257], "size": [2, 1, 1], "pivot": [0, 28.74155, -1.96638], "rotation": [46.88102, -10.21026, 4.50779], "uv": [121, 63], "mirror": true},
						{"origin": [-0.5, 28.79972, -2.59122], "size": [1, 1, 1], "pivot": [0, 28.74155, -1.96638], "rotation": [35, 0, 0], "uv": [130, 49]},
						{"origin": [-0.718, 28.28462, -2.3125], "size": [3, 1, 1], "pivot": [0, 28.74155, -1.96638], "rotation": [6.8817, -24.09293, 73.52973], "uv": [122, 57]},
						{"origin": [-2.38206, 28.46486, -2.2875], "size": [3, 1, 1], "pivot": [0, 28.74155, -1.96638], "rotation": [6.8817, 24.09293, -73.52973], "uv": [120, 54], "mirror": true}
					]
				},
				{
					"name": "YaoDai",
					"parent": "UpperBody",
					"pivot": [-0.15, 21.65, -1.4625],
					"rotation": [0, 0, -3],
					"cubes": [
						{"origin": [-3.625, 21.1, -2.5], "size": [7.25, 1.1, 4.675], "uv": [85, 0]},
						{"origin": [2.675, 21, -2.6], "size": [0.55, 1.3, 1.6], "uv": [82, 0], "mirror": true},
						{"origin": [-0.525, 21, -2.6], "size": [1.525, 1.3, 1.6], "uv": [84, 0]},
						{"origin": [-1.225, 21, -2.6], "size": [0.55, 1.3, 1.6], "uv": [82, 0]},
						{"origin": [-0.3, 21.125, -2.65], "size": [0.25, 1.1, 0.1], "pivot": [-0.1, 21.65, -2.6], "rotation": [0, 0, -17.5], "uv": [82, 0]},
						{"origin": [0.1, 21.125, -2.65], "size": [0.25, 1.1, 0.1], "pivot": [0.3, 21.65, -2.6], "rotation": [0, 0, -17.5], "uv": [82, 0]},
						{"origin": [0.5, 21.125, -2.65], "size": [0.25, 1.1, 0.1], "pivot": [0.7, 21.65, -2.6], "rotation": [0, 0, -17.5], "uv": [82, 0]},
						{"origin": [-3.225, 21, -2.6], "size": [0.55, 1.3, 1.6], "uv": [82, 0]},
						{"origin": [2.675, 21, 0.8], "size": [0.55, 1.3, 1.6], "uv": [81, 0], "mirror": true},
						{"origin": [-3.225, 21, 0.8], "size": [0.55, 1.3, 1.6], "uv": [81, 0]}
					]
				},
				{
					"name": "skirt_1",
					"parent": "UpperBody",
					"pivot": [0, 0, 0]
				},
				{
					"name": "QZ11",
					"parent": "skirt_1",
					"pivot": [0, 28.2, -3.025],
					"rotation": [-25, 0, 0],
					"cubes": [
						{"origin": [-3.525, 15.85585, 0.68333], "size": [7.05, 6, 1], "uv": [55, 65]},
						{"origin": [-2.95, 18.83085, 0.58333], "size": [1, 3.1, 1], "pivot": [-2.5, 20.34335, 1.08333], "rotation": [0, 0, 2], "uv": [53, 60], "mirror": true},
						{"origin": [1.95, 18.83085, 0.58333], "size": [1, 3.1, 1], "pivot": [2.5, 20.34335, 1.08333], "rotation": [0, 0, -2], "uv": [53, 60]},
						{"origin": [-1.775, 20.98028, 0.57884], "size": [0.8, 0.8, 0.8], "uv": [47, 78]},
						{"origin": [0.975, 20.98028, 0.57884], "size": [0.8, 0.8, 0.8], "uv": [47, 78], "mirror": true},
						{"origin": [1.075, 19.08028, 0.57884], "size": [0.8, 0.8, 0.8], "uv": [47, 78], "mirror": true},
						{"origin": [-1.875, 19.08028, 0.57884], "size": [0.8, 0.8, 0.8], "uv": [47, 78]},
						{"origin": [-3.5, 16.35585, 0.93333], "size": [7, 5, 1], "uv": [0, 85]}
					]
				},
				{
					"name": "QZ12",
					"parent": "skirt_1",
					"pivot": [0, 28.2, 2.875],
					"rotation": [25, 0, 0],
					"cubes": [
						{"origin": [-3.525, 15.85585, -1.83333], "size": [7.05, 6, 1], "uv": [55, 65]},
						{"origin": [-3.5, 16.35585, -2.08333], "size": [7, 5, 1], "uv": [0, 85]}
					]
				},
				{
					"name": "QZ10",
					"parent": "skirt_1",
					"pivot": [0, 28.2, 2.975],
					"rotation": [-25, 180, 0],
					"cubes": [
						{"origin": [-3.5, 16.35585, 6.93333], "size": [1, 5, 1], "uv": [67, 168], "mirror": true},
						{"origin": [2.5, 16.35585, 6.93333], "size": [1, 5, 1], "uv": [67, 168]}
					]
				},
				{
					"name": "QZ9",
					"parent": "skirt_1",
					"pivot": [-4, 28.2, -0.525],
					"rotation": [0, 0, 25],
					"cubes": [
						{"origin": [-0.65496, 15.90302, -2.325], "size": [1, 6, 4.5], "uv": [43, 66]},
						{"origin": [-0.04167, 16.35585, -2.275], "size": [1, 5, 3.5], "uv": [49, 115]}
					]
				},
				{
					"name": "QZ8",
					"parent": "skirt_1",
					"pivot": [4, 28.2, -0.525],
					"rotation": [0, 0, -25],
					"cubes": [
						{"origin": [-0.34504, 15.90302, -2.325], "size": [1, 6, 4.5], "uv": [43, 66], "mirror": true},
						{"origin": [-0.95833, 16.35585, -2.275], "size": [1, 5, 3.5], "uv": [49, 115], "mirror": true}
					]
				},
				{
					"name": "QZ7",
					"parent": "skirt_1",
					"pivot": [-3.5, 28.2, -2.525],
					"rotation": [0, -45, 0]
				},
				{
					"name": "QZ6",
					"parent": "QZ7",
					"pivot": [-4, 28.2, -2.525],
					"rotation": [0, 0, 18],
					"cubes": [
						{"origin": [-0.73688, 19.5426, -3.025], "size": [1, 1.25, 1], "uv": [88, 213]},
						{"origin": [-0.97551, 15.66149, -4.075], "size": [1, 1, 3.1], "uv": [36, 160], "mirror": true},
						{"origin": [-0.73688, 16.0426, -4.025], "size": [1, 1.5, 3], "uv": [45, 160]},
						{"origin": [-0.73688, 18.5426, -3.275], "size": [1, 1, 1.5], "uv": [87, 200]},
						{"origin": [-0.73688, 17.5426, -3.775], "size": [1, 1, 2.5], "uv": [26, 182]}
					]
				},
				{
					"name": "QZ4",
					"parent": "skirt_1",
					"pivot": [-3.575, 28.2, 2.375],
					"rotation": [0, 45, 0]
				},
				{
					"name": "QZ5",
					"parent": "QZ4",
					"pivot": [-4.075, 28.2, 2.375],
					"rotation": [0, 180, 18],
					"cubes": [
						{"origin": [-8.43812, 19.5426, 1.875], "size": [1, 1.25, 1], "uv": [88, 213], "mirror": true},
						{"origin": [-8.09949, 15.66149, 0.825], "size": [1, 1, 3.1], "uv": [36, 160], "mirror": true},
						{"origin": [-8.43812, 16.0426, 0.875], "size": [1, 1.5, 3], "uv": [45, 160], "mirror": true},
						{"origin": [-8.43812, 18.5426, 1.625], "size": [1, 1, 1.5], "uv": [87, 200], "mirror": true},
						{"origin": [-8.43812, 17.5426, 1.125], "size": [1, 1, 2.5], "uv": [26, 182], "mirror": true}
					]
				},
				{
					"name": "QZ2",
					"parent": "skirt_1",
					"pivot": [3.575, 28.2, 2.375],
					"rotation": [0, -45, 0]
				},
				{
					"name": "QZ3",
					"parent": "QZ2",
					"pivot": [4.075, 28.2, 2.375],
					"rotation": [0, 180, -18],
					"cubes": [
						{"origin": [7.43812, 19.5426, 1.875], "size": [1, 1.25, 1], "uv": [88, 213]},
						{"origin": [7.43812, 16.0426, 0.875], "size": [1, 1.5, 3], "uv": [45, 160]},
						{"origin": [7.09949, 15.66149, 0.825], "size": [1, 1, 3.1], "uv": [36, 160]},
						{"origin": [7.43812, 18.5426, 1.625], "size": [1, 1, 1.5], "uv": [87, 200]},
						{"origin": [7.43812, 17.5426, 1.125], "size": [1, 1, 2.5], "uv": [26, 182]}
					]
				},
				{
					"name": "QZ",
					"parent": "skirt_1",
					"pivot": [3.5, 28.2, -2.525],
					"rotation": [0, 45, 0]
				},
				{
					"name": "bone32",
					"parent": "QZ",
					"pivot": [4, 28.2, -2.525],
					"rotation": [0, 0, -18],
					"cubes": [
						{"origin": [-0.26312, 19.5426, -3.025], "size": [1, 1.25, 1], "uv": [88, 213], "mirror": true},
						{"origin": [-0.26312, 16.0426, -4.025], "size": [1, 1.5, 3], "uv": [45, 160], "mirror": true},
						{"origin": [-0.02449, 15.66149, -4.075], "size": [1, 1, 3.1], "uv": [36, 160]},
						{"origin": [-0.26312, 18.5426, -3.275], "size": [1, 1, 1.5], "uv": [87, 200], "mirror": true},
						{"origin": [-0.26312, 17.5426, -3.775], "size": [1, 1, 2.5], "uv": [26, 182], "mirror": true}
					]
				},
				{
					"name": "AllHead",
					"parent": "UpperBody",
					"pivot": [0, 23.8, -0.35],
					"cubes": [
						{"origin": [-1.5, 29.9, -1.575], "size": [3, 2, 3], "uv": [39, 134]}
					]
				},
				{
					"name": "Head",
					"parent": "AllHead",
					"pivot": [0, 30.625, -0.1],
					"cubes": [
						{"origin": [-3.5, 30.625, -3.6], "size": [7, 7, 7], "uv": [0, 0]}
					]
				},
				{
					"name": "Mouse",
					"parent": "Head",
					"pivot": [0.7, 13.625, 1.4]
				},
				{
					"name": "Zui4",
					"parent": "Mouse",
					"pivot": [0, 31.3, -2.7],
					"cubes": [
						{"origin": [-0.9, 31.6, -2.7], "size": [1.8, 0.1, 0], "uv": [97, 206]},
						{"origin": [-0.6, 30.975, -2.7], "size": [1.2, 0.75, 0], "uv": [97, 205]}
					]
				},
				{
					"name": "bone23",
					"parent": "Zui4",
					"pivot": [0.375, 31.875, -2.7],
					"rotation": [0, 0, 8.25],
					"cubes": [
						{"origin": [-0.00695, 31.6281, -2.7], "size": [0.925, 0.15, 0], "uv": [115, 207]}
					]
				},
				{
					"name": "bone24",
					"parent": "Zui4",
					"pivot": [-0.375, 31.875, -2.7],
					"rotation": [0, 0, -8.25],
					"cubes": [
						{"origin": [-0.91805, 31.6281, -2.7], "size": [0.9, 0.15, 0], "uv": [115, 206]}
					]
				},
				{
					"name": "bone17",
					"parent": "Zui4",
					"pivot": [-0.65, 31.55, -2.7],
					"rotation": [0, 0, 65],
					"cubes": [
						{"origin": [-0.775, 31.35, -2.7], "size": [0.675, 0.4, 0], "uv": [115, 205]}
					]
				},
				{
					"name": "bone18",
					"parent": "Zui4",
					"pivot": [0.65, 31.55, -2.7],
					"rotation": [0, 0, -65],
					"cubes": [
						{"origin": [0.1, 31.35, -2.7], "size": [0.675, 0.4, 0], "uv": [114, 207]}
					]
				},
				{
					"name": "Zui2",
					"parent": "Mouse",
					"pivot": [0.125, 31.375, -1.7],
					"cubes": [
						{"origin": [-0.175, 31.35, -1.7], "size": [0.4, 0.15, 0], "pivot": [0.125, 31.425, -1.7], "rotation": [0, 0, -37.5], "uv": [114, 206]},
						{"origin": [-0.425, 31.65, -1.7], "size": [0.4, 0.15, 0], "pivot": [0.15, 31.425, -1.7], "rotation": [0, 0, -37.5], "uv": [113, 207]},
						{"origin": [-0.175, 31.125, -1.7], "size": [0.35, 0.15, 0], "pivot": [0.125, 31.425, -1.7], "rotation": [0, 0, 50], "uv": [114, 205]},
						{"origin": [-0.9603, 31.37494, -1.7], "size": [0.4, 0.15, 0], "pivot": [-0.7353, 31.49994, -1.65], "rotation": [0, 0, -42], "uv": [113, 205]},
						{"origin": [-0.65, 31.15, -1.7], "size": [0.4, 0.15, 0], "pivot": [-0.275, 31.425, -1.7], "rotation": [0, 0, 50], "uv": [113, 206]},
						{"origin": [0.5603, 31.37494, -1.7], "size": [0.4, 0.15, 0], "pivot": [0.7353, 31.49994, -1.65], "rotation": [0, 0, 42], "uv": [112, 205]},
						{"origin": [0.25, 31.15, -1.7], "size": [0.4, 0.15, 0], "pivot": [0.275, 31.425, -1.7], "rotation": [0, 0, -50], "uv": [112, 206]},
						{"origin": [0.025, 31.65, -1.7], "size": [0.4, 0.15, 0], "pivot": [-0.15, 31.425, -1.7], "rotation": [0, 0, 37.5], "uv": [112, 207]}
					]
				},
				{
					"name": "Zui3",
					"parent": "Mouse",
					"pivot": [0.125, 32.375, -2.7],
					"cubes": [
						{"origin": [-0.175, 32.15, -2.7], "size": [0.4, 0.35, 0], "pivot": [0.125, 32.425, -2.7], "rotation": [0, 0, -37.5], "uv": [111, 207]},
						{"origin": [-0.425, 32.275, -2.7], "size": [0.4, 0.525, 0], "pivot": [0.15, 32.425, -2.7], "rotation": [0, 0, -37.5], "uv": [111, 206]},
						{"origin": [-0.175, 32.125, -2.7], "size": [0.35, 0.15, 0], "pivot": [0.125, 32.425, -2.7], "rotation": [0, 0, 50], "uv": [111, 205]},
						{"origin": [-0.9603, 32.14994, -2.7], "size": [0.4, 0.375, 0], "pivot": [-0.7353, 32.49994, -2.65], "rotation": [0, 0, -42], "uv": [110, 207]},
						{"origin": [-1.6103, 31.57494, -2.7], "size": [0.7, 1.075, 0], "pivot": [-0.7353, 32.49994, -2.65], "rotation": [0, 0, -77], "uv": [103, 205]},
						{"origin": [0.9103, 31.52494, -2.7], "size": [0.7, 1.125, 0], "pivot": [0.7353, 32.49994, -2.65], "rotation": [0, 0, 77], "uv": [102, 205]},
						{"origin": [1.6103, 32.27494, -2.7], "size": [0.2, 0.375, 0], "pivot": [0.7353, 32.49994, -2.65], "rotation": [0, 0, 77], "uv": [109, 205]},
						{"origin": [1.6103, 31.89994, -2.7], "size": [0.1, 0.375, 0], "pivot": [0.7353, 32.49994, -2.65], "rotation": [0, 0, 77], "uv": [108, 207]},
						{"origin": [1.6103, 31.79994, -2.7], "size": [0.1, 0.175, 0], "pivot": [0.7353, 32.49994, -2.65], "rotation": [0, 0, 77], "uv": [108, 206]},
						{"origin": [-1.7103, 31.79994, -2.7], "size": [0.1, 0.175, 0], "pivot": [-0.7353, 32.49994, -2.65], "rotation": [0, 0, -77], "uv": [107, 206]},
						{"origin": [-1.7353, 31.94994, -2.7], "size": [0.125, 0.325, 0], "pivot": [-0.7353, 32.49994, -2.65], "rotation": [0, 0, -77], "uv": [107, 207]},
						{"origin": [-1.8103, 32.27494, -2.7], "size": [0.2, 0.375, 0], "pivot": [-0.7353, 32.49994, -2.65], "rotation": [0, 0, -77], "uv": [108, 205]},
						{"origin": [1.7353, 30.62494, -2.7], "size": [0.1, 2.25, 0], "pivot": [0.7353, 32.49994, -2.65], "rotation": [0, 0, 89.5], "uv": [96, 205]},
						{"origin": [-0.65, 32.15, -2.7], "size": [0.4, 0.15, 0], "pivot": [-0.275, 32.425, -2.7], "rotation": [0, 0, 50], "uv": [110, 206]},
						{"origin": [0.5603, 32.17494, -2.7], "size": [0.4, 0.35, 0], "pivot": [0.7353, 32.49994, -2.65], "rotation": [0, 0, 42], "uv": [110, 205]},
						{"origin": [0.25, 32.15, -2.7], "size": [0.4, 0.15, 0], "pivot": [0.275, 32.425, -2.7], "rotation": [0, 0, -50], "uv": [109, 207]},
						{"origin": [0.025, 32.425, -2.7], "size": [0.4, 0.375, 0], "pivot": [-0.15, 32.425, -2.7], "rotation": [0, 0, 37.5], "uv": [109, 206]}
					]
				},
				{
					"name": "Zui5",
					"parent": "Mouse",
					"pivot": [0, 31.375, -2.7],
					"cubes": [
						{"origin": [-0.0625, 31.21412, -2.7], "size": [0.125, 0.125, 0], "uv": [105, 207]},
						{"origin": [-0.25173, 31.24238, -2.7], "size": [0.25, 0.125, 0], "pivot": [-0.07673, 31.31738, -2.7], "rotation": [0, 0, 32], "uv": [105, 206]},
						{"origin": [0.00173, 31.24238, -2.7], "size": [0.25, 0.125, 0], "pivot": [0.07673, 31.31738, -2.7], "rotation": [0, 0, -32], "uv": [105, 205]}
					]
				},
				{
					"name": "Halo",
					"parent": "Head",
					"pivot": [0, 39.975, 1.775],
					"rotation": [-27.5, 0, 0]
				},
				{
					"name": "GH",
					"parent": "Halo",
					"pivot": [0, 45.15, 2.775]
				},
				{
					"name": "YIBian",
					"parent": "GH",
					"pivot": [0, 46.025, 1.725],
					"cubes": [
						{"origin": [-2.39961, 46.025, -3.29299], "size": [4, 1, 1], "pivot": [-0.39961, 46.525, -2.79299], "rotation": [0, -2.5, 0], "uv": [1, 228]},
						{"origin": [-2.39961, 46.05, -3.09299], "size": [2, 1, 1], "pivot": [-0.39961, 46.525, -2.79299], "rotation": [0, -117.5, 0], "uv": [1, 232]},
						{"origin": [1.14833, 46, -2.56538], "size": [4, 1, 1], "pivot": [2.63583, 46.025, -2.06538], "rotation": [0, -30, 0], "uv": [1, 225]},
						{"origin": [0.90466, 46.025, -2.30913], "size": [2, 1, 1], "pivot": [3.07966, 46.5, -1.80913], "rotation": [0, 85, 0], "uv": [1, 235]}
					]
				},
				{
					"name": "YIBian2",
					"parent": "GH",
					"pivot": [0, 46.025, 1.725],
					"rotation": [0, 120, 0],
					"cubes": [
						{"origin": [-2.39961, 46.025, -3.29299], "size": [4, 1, 1], "pivot": [-0.39961, 46.525, -2.79299], "rotation": [0, -2.5, 0], "uv": [12, 228]},
						{"origin": [-2.39961, 46.05, -3.09299], "size": [2, 1, 1], "pivot": [-0.39961, 46.525, -2.79299], "rotation": [0, -117.5, 0], "uv": [12, 232]},
						{"origin": [1.14833, 46, -2.56538], "size": [4, 1, 1], "pivot": [2.63583, 46.025, -2.06538], "rotation": [0, -30, 0], "uv": [12, 225]},
						{"origin": [0.90466, 46.025, -2.30913], "size": [2, 1, 1], "pivot": [3.07966, 46.5, -1.80913], "rotation": [0, 85, 0], "uv": [12, 235]}
					]
				},
				{
					"name": "YIBian3",
					"parent": "GH",
					"pivot": [0, 46.025, 1.725],
					"rotation": [0, -125, 0],
					"cubes": [
						{"origin": [-2.39961, 46.025, -3.29299], "size": [4, 1, 1], "pivot": [-0.39961, 46.525, -2.79299], "rotation": [0, -2.5, 0], "uv": [1, 242]},
						{"origin": [-2.39961, 46.05, -3.09299], "size": [2, 1, 1], "pivot": [-0.39961, 46.525, -2.79299], "rotation": [0, -117.5, 0], "uv": [1, 246]},
						{"origin": [1.14833, 46, -2.56538], "size": [4, 1, 1], "pivot": [2.63583, 46.025, -2.06538], "rotation": [0, -30, 0], "uv": [1, 239]},
						{"origin": [0.90466, 46.025, -2.30913], "size": [2, 1, 1], "pivot": [3.07966, 46.5, -1.80913], "rotation": [0, 85, 0], "uv": [1, 249]}
					]
				},
				{
					"name": "Halo2",
					"parent": "Head",
					"pivot": [0, 39.975, 1.775],
					"rotation": [-27.5, 0, 0]
				},
				{
					"name": "GH2",
					"parent": "Halo2",
					"pivot": [0, 45.15, 2.775]
				},
				{
					"name": "YIBian4",
					"parent": "GH2",
					"pivot": [0, 46.025, 1.725],
					"cubes": [
						{"origin": [-2.39961, 46.025, -3.29299], "size": [4, 1, 1], "pivot": [-0.39961, 46.525, -2.79299], "rotation": [0, -2.5, 0], "uv": [1, 228]},
						{"origin": [-2.39961, 46.05, -3.09299], "size": [2, 1, 1], "pivot": [-0.39961, 46.525, -2.79299], "rotation": [0, -117.5, 0], "uv": [1, 232]},
						{"origin": [1.14833, 46, -2.56538], "size": [4, 1, 1], "pivot": [2.63583, 46.025, -2.06538], "rotation": [0, -30, 0], "uv": [1, 225]},
						{"origin": [0.90466, 46.025, -2.30913], "size": [2, 1, 1], "pivot": [3.07966, 46.5, -1.80913], "rotation": [0, 85, 0], "uv": [1, 235]}
					]
				},
				{
					"name": "YIBian5",
					"parent": "GH2",
					"pivot": [0, 46.025, 1.725],
					"rotation": [0, 120, 0],
					"cubes": [
						{"origin": [-2.39961, 46.025, -3.29299], "size": [4, 1, 1], "pivot": [-0.39961, 46.525, -2.79299], "rotation": [0, -2.5, 0], "uv": [12, 228]},
						{"origin": [-2.39961, 46.05, -3.09299], "size": [2, 1, 1], "pivot": [-0.39961, 46.525, -2.79299], "rotation": [0, -117.5, 0], "uv": [12, 232]},
						{"origin": [1.14833, 46, -2.56538], "size": [4, 1, 1], "pivot": [2.63583, 46.025, -2.06538], "rotation": [0, -30, 0], "uv": [12, 225]},
						{"origin": [0.90466, 46.025, -2.30913], "size": [2, 1, 1], "pivot": [3.07966, 46.5, -1.80913], "rotation": [0, 85, 0], "uv": [12, 235]}
					]
				},
				{
					"name": "YIBian6",
					"parent": "GH2",
					"pivot": [0, 46.025, 1.725],
					"rotation": [0, -125, 0],
					"cubes": [
						{"origin": [-2.39961, 46.025, -3.29299], "size": [4, 1, 1], "pivot": [-0.39961, 46.525, -2.79299], "rotation": [0, -2.5, 0], "uv": [1, 242]},
						{"origin": [-2.39961, 46.05, -3.09299], "size": [2, 1, 1], "pivot": [-0.39961, 46.525, -2.79299], "rotation": [0, -117.5, 0], "uv": [1, 246]},
						{"origin": [1.14833, 46, -2.56538], "size": [4, 1, 1], "pivot": [2.63583, 46.025, -2.06538], "rotation": [0, -30, 0], "uv": [1, 239]},
						{"origin": [0.90466, 46.025, -2.30913], "size": [2, 1, 1], "pivot": [3.07966, 46.5, -1.80913], "rotation": [0, 85, 0], "uv": [1, 249]}
					]
				},
				{
					"name": "Ear2",
					"parent": "Head",
					"pivot": [-3.6, 32.925, -1.15],
					"rotation": [-1.5741, 17.43127, -5.24133],
					"cubes": [
						{"origin": [-4.94137, 31.70774, -1.95071], "size": [2.75, 2.4, 1], "uv": [44, 189]}
					]
				},
				{
					"name": "Ear3",
					"parent": "Head",
					"pivot": [2.6, 32.925, -1.15],
					"rotation": [-1.5741, -17.43127, 5.24133],
					"cubes": [
						{"origin": [2.19137, 31.70774, -1.95071], "size": [2.75, 2.4, 1], "uv": [0, 189]}
					]
				},
				{
					"name": "Face",
					"parent": "Head",
					"pivot": [0, 32.625, -0.1]
				},
				{
					"name": "BQ___",
					"parent": "Face",
					"pivot": [0, 33.425, -2.15]
				},
				{
					"name": "MeiMao_BQ",
					"parent": "BQ___",
					"pivot": [0, 36.625, 2.85]
				},
				{
					"name": "MeiMaoZuo2",
					"parent": "MeiMao_BQ",
					"pivot": [2.625, 36.325, 3.65],
					"cubes": [
						{"origin": [1.125, 33.225, -1.15], "size": [3.4, 1, 1], "pivot": [1.275, 33.725, -0.65], "rotation": [0, 0, -17.5], "uv": [0, 185]},
						{"origin": [1.125, 33.225, -1.125], "size": [3.4, 1, 1], "pivot": [1.275, 33.725, -0.65], "rotation": [0, 0, 22.5], "uv": [0, 182]}
					]
				},
				{
					"name": "MeiMaoZuo3",
					"parent": "MeiMao_BQ",
					"pivot": [-2.625, 36.325, 3.65],
					"cubes": [
						{"origin": [-4.525, 33.225, -1.15], "size": [3.4, 1, 1], "pivot": [-1.275, 33.725, -0.65], "rotation": [0, 0, 17.5], "uv": [79, 178]},
						{"origin": [-4.525, 33.225, -1.125], "size": [3.4, 1, 1], "pivot": [-1.275, 33.725, -0.65], "rotation": [0, 0, -22.5], "uv": [79, 175]}
					]
				},
				{
					"name": "Eyes",
					"parent": "Face",
					"pivot": [0, 32.625, -0.1]
				},
				{
					"name": "Eyebrow",
					"parent": "Eyes",
					"pivot": [0, 33.625, -3.6]
				},
				{
					"name": "LeftEyebrow",
					"parent": "Eyebrow",
					"pivot": [-2.875, 33.475, -3.425],
					"cubes": [
						{"origin": [-3.275, 33.475, -3.925], "size": [2, 1, 1], "uv": [106, 195]}
					]
				},
				{
					"name": "MeiFuJia2",
					"parent": "LeftEyebrow",
					"pivot": [-3.825, 33.475, -3.425],
					"cubes": [
						{"origin": [-4.375, 32.975, -3.925], "size": [1.1, 1, 1], "uv": [15, 205]}
					]
				},
				{
					"name": "RightEyebrow",
					"parent": "Eyebrow",
					"pivot": [2.875, 33.475, -3.425],
					"cubes": [
						{"origin": [1.275, 33.475, -3.925], "size": [2, 1, 1], "uv": [89, 195]}
					]
				},
				{
					"name": "MeiFuJia",
					"parent": "RightEyebrow",
					"pivot": [3.825, 33.475, -3.425],
					"cubes": [
						{"origin": [3.275, 32.975, -3.925], "size": [1.1, 1, 1], "uv": [25, 205]}
					]
				},
				{
					"name": "Eyelid",
					"parent": "Eyes",
					"pivot": [0, 32.625, -0.1]
				},
				{
					"name": "RightEyelid",
					"parent": "Eyelid",
					"pivot": [-2.5, 31.625, -3.125],
					"cubes": [
						{"origin": [-3.4, 31.625, -3.625], "size": [2, 2, 1], "uv": [37, 189]}
					]
				},
				{
					"name": "RightEyesBase",
					"parent": "RightEyelid",
					"pivot": [-2.325, 31.625, -3.125],
					"cubes": [
						{"origin": [-2.925, 31.625, -3.65], "size": [1.4, 2, 1], "uv": [77, 200]}
					]
				},
				{
					"name": "RightPupil",
					"parent": "RightEyesBase",
					"pivot": [-2.225, 32.76786, -3.175],
					"cubes": [
						{"origin": [-2.425, 32.125, -3.675], "size": [0.4, 1, 1], "uv": [83, 205]}
					]
				},
				{
					"name": "GaoGuang2",
					"parent": "RightEyesBase",
					"pivot": [-5.95, 14.275, -3.65],
					"cubes": [
						{"origin": [-1.9, 33.075, -3.675], "size": [0.5, 0.3, 1], "uv": [85, 209]}
					]
				},
				{
					"name": "LeftEyelid",
					"parent": "Eyelid",
					"pivot": [2.5, 31.625, -3.125],
					"cubes": [
						{"origin": [1.4, 31.625, -3.625], "size": [2, 2, 1], "uv": [30, 189]}
					]
				},
				{
					"name": "LeftEyesBase",
					"parent": "LeftEyelid",
					"pivot": [2.325, 31.625, -3.125],
					"cubes": [
						{"origin": [1.525, 31.625, -3.65], "size": [1.4, 2, 1], "uv": [72, 200]}
					]
				},
				{
					"name": "LeftPupil",
					"parent": "LeftEyesBase",
					"pivot": [2.225, 32.625, -3.175],
					"cubes": [
						{"origin": [2.025, 32.125, -3.675], "size": [0.4, 1, 1], "uv": [86, 205]}
					]
				},
				{
					"name": "GaoGuang",
					"parent": "LeftEyesBase",
					"pivot": [-1.225, 14.275, -3.65],
					"cubes": [
						{"origin": [2.625, 33.075, -3.675], "size": [0.5, 0.3, 1], "uv": [82, 209]}
					]
				},
				{
					"name": "Hair",
					"parent": "Head",
					"pivot": [-0.14783, 35.09457, 0.52174],
					"cubes": [
						{"origin": [-0.65089, 33.22234, -5.3], "size": [1, 5, 1], "pivot": [-0.59648, 36.08971, -4.8], "rotation": [0, 0, 7.5], "uv": [21, 182]},
						{"origin": [-0.28934, 34.75771, -5.6], "size": [1, 2, 1], "pivot": [0.33596, 34.83836, -5.0875], "rotation": [0, 0, -10], "uv": [13, 208]},
						{"origin": [-0.28095, 32.91789, -5.575], "size": [1, 2, 1], "pivot": [0.33596, 34.83836, -5.0875], "rotation": [0, 0, -25], "uv": [15, 212]},
						{"origin": [1.775, 35.1, -4.775], "size": [1, 3, 1], "pivot": [2.5, 36.55, -4.25], "rotation": [0, 0, -22.5], "uv": [113, 195]},
						{"origin": [1.47142, 36.35652, -5.07928], "size": [2.3, 1, 1], "pivot": [2.62142, 36.83152, -4.57928], "rotation": [-1.08482, -4.88119, 7.54624], "uv": [114, 192]},
						{"origin": [-4.26742, 36.28803, -4.74649], "size": [2, 1, 1], "pivot": [-3.26742, 36.88803, -4.24649], "rotation": [-0.65426, 4.95712, -2.52832], "uv": [114, 185], "mirror": true},
						{"origin": [3.08013, 34.40672, -4.7621], "size": [2, 1, 1], "pivot": [3.85513, 34.90672, -4.6621], "rotation": [2.50477, -4.32875, -35.09468], "uv": [114, 189]},
						{"origin": [-4.53013, 34.63172, -4.7621], "size": [2, 1, 1], "pivot": [-3.85513, 34.90672, -4.6621], "rotation": [1.08482, 4.88119, 17.54624], "uv": [114, 182], "mirror": true},
						{"origin": [-1.81454, 33.24978, -5.24698], "size": [1, 2.75, 1], "pivot": [-1.23954, 34.24978, -4.77198], "rotation": [0.23032, -1.50179, -22.43745], "uv": [109, 191]},
						{"origin": [2.57667, 36.34775, -4.35], "size": [1, 2, 1], "pivot": [3.07667, 37.34775, -3.85], "rotation": [0, 0, -15], "uv": [113, 195]},
						{"origin": [-5, 32.8, 2.9], "size": [1.25, 4, 1], "pivot": [-4.75, 35.0125, 1.4125], "rotation": [0, 0, 5], "uv": [56, 189]},
						{"origin": [-1.65089, 34.22234, -5.3], "size": [1, 4, 1], "pivot": [-0.59648, 36.08971, -4.8], "rotation": [0, 0, 7.5], "uv": [66, 189]},
						{"origin": [0.34911, 34.22234, -5.3], "size": [1, 4, 1], "pivot": [-0.59648, 36.08971, -4.8], "rotation": [0, 0, 7.5], "uv": [61, 189]},
						{"origin": [-2.5, 35.35, -4.9], "size": [1, 3, 1], "pivot": [-2, 36.85, -4.4], "rotation": [0, 0, 10], "uv": [0, 200]},
						{"origin": [-4.3875, 34.15, -4.05], "size": [1, 4, 3], "pivot": [-3.9625, 36.15, -2.55], "rotation": [0, 0, 7.5], "uv": [59, 142]},
						{"origin": [3.4625, 34.15, -4.1], "size": [1, 4, 3], "pivot": [3.9625, 36.15, -2.6], "rotation": [0, 0, -12.5], "uv": [50, 142]},
						{"origin": [-4.5, 33.725, -2.55], "size": [1, 5, 6], "uv": [89, 41]},
						{"origin": [-3, 32.925, 5.1], "size": [6, 5, 1], "uv": [73, 97]},
						{"origin": [-4, 31.925, 4.1], "size": [8, 7, 1], "uv": [112, 99]},
						{"origin": [-4, 30.925, 3.1], "size": [8, 7, 1], "uv": [40, 41]},
						{"origin": [3.5, 33.725, -2.55], "size": [1, 5, 6], "uv": [74, 41]},
						{"origin": [3.75, 32.8, 2.9], "size": [1.25, 4, 1], "pivot": [4.75, 35.0125, 1.4125], "rotation": [0, 0, -5], "uv": [56, 189], "mirror": true},
						{"origin": [4.25, 32.725, 0.925], "size": [1.25, 5, 2], "pivot": [4.75, 35.0125, 1.4125], "rotation": [0, 0, -5], "uv": [29, 160], "mirror": true},
						{"origin": [4.25, 32.725, -0.075], "size": [1.25, 5, 1], "pivot": [4.75, 35.0125, 1.4125], "rotation": [0, 0, -5], "uv": [9, 182], "mirror": true},
						{"origin": [4.25, 33.725, -1.075], "size": [1.25, 3, 1], "pivot": [4.75, 35.0125, 1.4125], "rotation": [0, 0, -5], "uv": [96, 195], "mirror": true},
						{"origin": [-5.5, 32.725, 0.925], "size": [1.25, 5, 2], "pivot": [-4.75, 35.0125, 1.4125], "rotation": [0, 0, 5], "uv": [29, 160]},
						{"origin": [-5.5, 32.725, -0.075], "size": [1.25, 5, 1], "pivot": [-4.75, 35.0125, 1.4125], "rotation": [0, 0, 5], "uv": [9, 182]},
						{"origin": [-5.5, 33.725, -1.075], "size": [1.25, 3, 1], "pivot": [-4.75, 35.0125, 1.4125], "rotation": [0, 0, 5], "uv": [96, 195]},
						{"origin": [-4.5, 31.725, 0.875], "size": [1, 2, 3], "uv": [20, 160]},
						{"origin": [3.5, 31.725, 0.775], "size": [1, 2, 3], "uv": [11, 160]},
						{"origin": [-4.4, 33.325, -3.7], "size": [1, 4, 2], "uv": [0, 168]},
						{"origin": [-2, 36.325, -4.3], "size": [4, 3, 1], "uv": [37, 150]},
						{"origin": [-2.975, 38.625, -3.7], "size": [6, 1, 8], "uv": [84, 7]},
						{"origin": [-4, 37.925, -3.9], "size": [8, 1, 8], "uv": [29, 0]},
						{"origin": [-2, 39.625, -2.7], "size": [4, 1, 6], "uv": [22, 64]},
						{"origin": [-3, 39.625, -1.7], "size": [1, 1, 4], "uv": [84, 159]},
						{"origin": [2, 39.625, -1.7], "size": [1, 1, 4], "uv": [75, 159]},
						{"origin": [-3.975, 38.625, -2.7], "size": [1, 1, 6], "uv": [92, 124]},
						{"origin": [3.025, 38.625, -2.7], "size": [1, 1, 6], "uv": [79, 124]},
						{"origin": [2.65, 33.975, -4.6], "size": [1, 4, 1], "pivot": [2.5, 36.55, -4.25], "rotation": [0, 0, -22.5], "uv": [71, 189]},
						{"origin": [-3.425, 34.25, -4.6], "size": [1, 4, 1], "pivot": [-3, 36.25, -4.1], "rotation": [0, 0, 7.5], "uv": [51, 189]}
					]
				},
				{
					"name": "MaoZi",
					"parent": "Hair",
					"pivot": [-1.275, 39.5, -1.225],
					"rotation": [6.31489, 23.51445, -13.12265]
				},
				{
					"name": "sm",
					"parent": "MaoZi",
					"pivot": [-1.275, 43.8, 1.875],
					"cubes": [
						{"origin": [-2.975, 42.8, -3.125], "size": [3.4, 1, 5], "uv": [165, 2]},
						{"origin": [-2.975, 42.8, -4.125], "size": [3.4, 1, 1], "pivot": [-1.275, 43.8, -3.125], "rotation": [12.5, 0, 0], "uv": [186, 25]},
						{"origin": [-2.075, 42.8, -5.125], "size": [1.6, 1, 1], "pivot": [-1.275, 43.8, -3.125], "rotation": [12.5, 0, 0], "uv": [205, 4]},
						{"origin": [-1.775, 42.8, -5.525], "size": [1, 1, 0.4], "pivot": [-1.275, 43.8, -3.125], "rotation": [12.5, 0, 0], "uv": [182, 2]},
						{"origin": [-2.975, 42.8, 1.875], "size": [3.4, 1, 1], "pivot": [-1.275, 43.8, 1.875], "rotation": [-12.5, 0, 0], "uv": [181, 22]},
						{"origin": [-2.075, 42.8, 2.875], "size": [1.6, 1, 1], "pivot": [-1.275, 43.8, 1.875], "rotation": [-12.5, 0, 0], "uv": [204, 40]},
						{"origin": [-1.775, 42.8, 3.875], "size": [1, 1, 0.4], "pivot": [-1.275, 43.8, 1.875], "rotation": [-12.5, 0, 0], "uv": [173, 9]}
					]
				},
				{
					"name": "qm",
					"parent": "MaoZi",
					"pivot": [-1.275, -6.5, -2.225]
				},
				{
					"name": "bone39",
					"parent": "qm",
					"pivot": [-1.275, 43.5, -2.025],
					"rotation": [17.5, 0, 0]
				},
				{
					"name": "bone43",
					"parent": "bone39",
					"pivot": [-1.775, 43.5, -6.025],
					"cubes": [
						{"origin": [-1.775, 42.5, -6.125], "size": [1, 2, 1], "pivot": [-1.775, 42.5, -6.125], "rotation": [-17.5, 0, 0], "uv": [179, 38]}
					]
				},
				{
					"name": "bone42",
					"parent": "bone43",
					"pivot": [-0.375, 42.5, -6.025],
					"rotation": [0, -47.5, 0],
					"cubes": [
						{"origin": [-0.375, 42.5, -6.025], "size": [2, 2, 1], "pivot": [-0.375, 42.5, -6.025], "rotation": [-22.5, 0, 0], "uv": [193, 32]}
					]
				},
				{
					"name": "bone44",
					"parent": "bone42",
					"pivot": [1.625, 42.5, -6.025],
					"rotation": [0, -25, 0],
					"cubes": [
						{"origin": [1.625, 42.5, -6.025], "size": [2, 2, 1], "pivot": [1.625, 42.5, -6.025], "rotation": [-20, -12.5, 15], "uv": [165, 33]}
					]
				},
				{
					"name": "bone40",
					"parent": "bone43",
					"pivot": [-2.175, 42.5, -6.025],
					"rotation": [0, 47.5, 0],
					"cubes": [
						{"origin": [-4.175, 42.5, -6.025], "size": [2, 2, 1], "pivot": [-2.175, 42.5, -6.025], "rotation": [-22.5, 0, 0], "uv": [195, 17]}
					]
				},
				{
					"name": "bone41",
					"parent": "bone40",
					"pivot": [-4.175, 42.5, -6.025],
					"rotation": [0, 25, 0],
					"cubes": [
						{"origin": [-6.175, 42.5, -6.025], "size": [2, 2, 1], "pivot": [-4.175, 42.5, -6.025], "rotation": [-20, 12.5, -15], "uv": [186, 32]}
					]
				},
				{
					"name": "bone11",
					"parent": "qm",
					"pivot": [-1.275, 42.5, -2.525],
					"rotation": [15, 0, 0]
				},
				{
					"name": "bone15",
					"parent": "bone11",
					"pivot": [-1.275, 41.5, -6.525],
					"rotation": [0, -17.5, 0],
					"cubes": [
						{"origin": [-1.275, 40.5, -6.525], "size": [1, 2, 1], "pivot": [-1.275, 40.5, -6.525], "rotation": [-15, 0, 0], "uv": [181, 12]}
					]
				},
				{
					"name": "bone16",
					"parent": "bone15",
					"pivot": [-0.275, 40.5, -6.525],
					"rotation": [0, -22.5, -10],
					"cubes": [
						{"origin": [-0.275, 40.5, -6.525], "size": [2, 2, 1], "pivot": [-0.275, 40.5, -6.525], "rotation": [-17.5, 0, 0], "uv": [172, 31]}
					]
				},
				{
					"name": "bone2",
					"parent": "bone16",
					"pivot": [1.725, 41.5, -6.525],
					"rotation": [0, -25, 10],
					"cubes": [
						{"origin": [1.725, 40.5, -6.525], "size": [2, 2, 1], "pivot": [1.725, 40.5, -6.525], "rotation": [-20, 0, 0], "uv": [179, 31]}
					]
				},
				{
					"name": "bone5",
					"parent": "bone11",
					"pivot": [-1.275, 41.5, -6.525],
					"rotation": [0, 17.5, 0],
					"cubes": [
						{"origin": [-2.275, 40.5, -6.525], "size": [1, 2, 1], "pivot": [-1.275, 40.5, -6.525], "rotation": [-15, 0, 0], "uv": [165, 17]}
					]
				},
				{
					"name": "bone9",
					"parent": "bone5",
					"pivot": [-2.275, 40.5, -6.525],
					"rotation": [0, 22.5, 10],
					"cubes": [
						{"origin": [-4.275, 40.5, -6.525], "size": [2, 2, 1], "pivot": [-2.275, 40.5, -6.525], "rotation": [-17.5, 0, 0], "uv": [193, 21]}
					]
				},
				{
					"name": "bone10",
					"parent": "bone9",
					"pivot": [-4.275, 41.5, -6.525],
					"rotation": [0, 25, -10],
					"cubes": [
						{"origin": [-6.275, 40.5, -6.525], "size": [2, 2, 1], "pivot": [-4.275, 40.5, -6.525], "rotation": [-20, 0, 0], "uv": [193, 28]}
					]
				},
				{
					"name": "bone27",
					"parent": "qm",
					"pivot": [-1.275, 38.5, -5.925],
					"cubes": [
						{"origin": [-1.775, 38.5, -5.925], "size": [1, 1, 1], "uv": [175, 41]}
					]
				},
				{
					"name": "bone3",
					"parent": "bone27",
					"pivot": [-0.875, 38.5, -5.925],
					"rotation": [0, -20, -12.5],
					"cubes": [
						{"origin": [-0.875, 38.5, -5.925], "size": [1, 1, 1], "uv": [170, 41]}
					]
				},
				{
					"name": "bone25",
					"parent": "bone3",
					"pivot": [0.125, 38.5, -5.925],
					"rotation": [0, -15, -10],
					"cubes": [
						{"origin": [0.125, 38.5, -5.925], "size": [2, 1, 1], "uv": [200, 37]}
					]
				},
				{
					"name": "bone26",
					"parent": "bone25",
					"pivot": [2.125, 38.5, -5.925],
					"rotation": [0, -20, -7.5],
					"cubes": [
						{"origin": [2.125, 38.5, -5.925], "size": [2, 1, 1], "uv": [172, 38]}
					]
				},
				{
					"name": "bone51",
					"parent": "bone27",
					"pivot": [-1.275, 41.2, -6.025],
					"rotation": [-7.5, -20, -2.5],
					"cubes": [
						{"origin": [-1.275, 41.2, -6.025], "size": [1, 1, 1], "uv": [199, 40]}
					]
				},
				{
					"name": "bone52",
					"parent": "bone51",
					"pivot": [-0.275, 41.2, -6.025],
					"rotation": [0, -20, -10],
					"cubes": [
						{"origin": [-0.275, 41.2, -6.025], "size": [2, 1, 1], "uv": [200, 31]}
					]
				},
				{
					"name": "bone53",
					"parent": "bone52",
					"pivot": [1.725, 41.2, -6.025],
					"rotation": [0, -32.5, -7.5],
					"cubes": [
						{"origin": [1.725, 41.2, -6.025], "size": [2, 1, 1], "uv": [200, 34]}
					]
				},
				{
					"name": "bone6",
					"parent": "bone27",
					"pivot": [-1.275, 41.2, -6.025],
					"rotation": [-7.5, 20, 2.5],
					"cubes": [
						{"origin": [-2.275, 41.2, -6.025], "size": [1, 1, 1], "uv": [165, 40]}
					]
				},
				{
					"name": "bone4",
					"parent": "bone6",
					"pivot": [-2.275, 41.2, -6.025],
					"rotation": [0, 20, 10],
					"cubes": [
						{"origin": [-4.275, 41.2, -6.025], "size": [2, 1, 1], "uv": [200, 21]}
					]
				},
				{
					"name": "bone19",
					"parent": "bone4",
					"pivot": [-4.275, 41.2, -6.025],
					"rotation": [0, 32.5, 7.5],
					"cubes": [
						{"origin": [-6.275, 41.2, -6.025], "size": [2, 1, 1], "uv": [200, 28]}
					]
				},
				{
					"name": "bone28",
					"parent": "bone27",
					"pivot": [-1.675, 38.5, -5.925],
					"rotation": [0, 20, 12.5],
					"cubes": [
						{"origin": [-2.675, 38.5, -5.925], "size": [1, 1, 1], "uv": [194, 39]}
					]
				},
				{
					"name": "bone29",
					"parent": "bone28",
					"pivot": [-2.675, 38.5, -5.925],
					"rotation": [0, 15, 10],
					"cubes": [
						{"origin": [-4.675, 38.5, -5.925], "size": [2, 1, 1], "uv": [165, 37]}
					]
				},
				{
					"name": "bone30",
					"parent": "bone29",
					"pivot": [-4.675, 38.5, -5.925],
					"rotation": [0, 20, 7.5],
					"cubes": [
						{"origin": [-6.675, 38.5, -5.925], "size": [2, 1, 1], "uv": [200, 8]}
					]
				},
				{
					"name": "bone31",
					"parent": "bone27",
					"pivot": [-1.275, 39.4, -5.525],
					"cubes": [
						{"origin": [-2.275, 39.4, -5.925], "size": [1, 1, 1], "pivot": [-1.275, 39.4, -5.925], "rotation": [0, 20, 2.5], "uv": [189, 39]},
						{"origin": [-1.275, 39.4, -5.925], "size": [1, 1, 1], "pivot": [-1.275, 39.4, -5.925], "rotation": [0, -20, -2.5], "uv": [202, 24]}
					]
				},
				{
					"name": "hm",
					"parent": "MaoZi",
					"pivot": [-1.275, -6.5, -2.125]
				},
				{
					"name": "bone35",
					"parent": "hm",
					"pivot": [-1.275, 42.5, 1.375],
					"rotation": [-15, 0, 0]
				},
				{
					"name": "bone36",
					"parent": "bone35",
					"pivot": [-1.275, 41.5, 5.375],
					"rotation": [0, -17.5, 0],
					"cubes": [
						{"origin": [-2.275, 40.5, 4.375], "size": [1, 2, 1], "pivot": [-1.275, 40.5, 5.375], "rotation": [15, 0, 0], "uv": [177, 2]}
					]
				},
				{
					"name": "bone37",
					"parent": "bone36",
					"pivot": [-2.275, 40.5, 5.375],
					"rotation": [0, -22.5, 10],
					"cubes": [
						{"origin": [-4.275, 40.5, 4.375], "size": [2, 2, 1], "pivot": [-2.275, 40.5, 5.375], "rotation": [17.5, 0, 0], "uv": [192, 2]}
					]
				},
				{
					"name": "bone38",
					"parent": "bone37",
					"pivot": [-4.275, 41.5, 5.375],
					"rotation": [0, -25, -10],
					"cubes": [
						{"origin": [-6.275, 40.5, 4.375], "size": [2, 2, 1], "pivot": [-4.275, 40.5, 5.375], "rotation": [20, 0, 0], "uv": [193, 8]}
					]
				},
				{
					"name": "bone45",
					"parent": "bone35",
					"pivot": [-1.275, 41.5, 5.375],
					"rotation": [0, 17.5, 0],
					"cubes": [
						{"origin": [-1.275, 40.5, 4.375], "size": [1, 2, 1], "pivot": [-1.275, 40.5, 5.375], "rotation": [15, 0, 0], "uv": [165, 9]}
					]
				},
				{
					"name": "bone46",
					"parent": "bone45",
					"pivot": [-0.275, 40.5, 5.375],
					"rotation": [0, 22.5, -10],
					"cubes": [
						{"origin": [-0.275, 40.5, 4.375], "size": [2, 2, 1], "pivot": [-0.275, 40.5, 5.375], "rotation": [17.5, 0, 0], "uv": [186, 28]}
					]
				},
				{
					"name": "bone47",
					"parent": "bone46",
					"pivot": [1.725, 41.5, 5.375],
					"rotation": [0, 25, 10],
					"cubes": [
						{"origin": [1.725, 40.5, 4.375], "size": [2, 2, 1], "pivot": [1.725, 40.5, 5.375], "rotation": [20, 0, 0], "uv": [165, 29]}
					]
				},
				{
					"name": "bone20",
					"parent": "hm",
					"pivot": [-1.275, 43.5, 0.675],
					"rotation": [-17.5, 0, 0]
				},
				{
					"name": "bone21",
					"parent": "bone20",
					"pivot": [-0.775, 43.5, 4.675],
					"cubes": [
						{"origin": [-1.775, 42.5, 3.775], "size": [1, 2, 1], "pivot": [-0.775, 42.5, 4.775], "rotation": [17.5, 0, 0], "uv": [165, 2]}
					]
				},
				{
					"name": "bone22",
					"parent": "bone21",
					"pivot": [-2.175, 42.5, 4.675],
					"rotation": [0, -47.5, 0],
					"cubes": [
						{"origin": [-4.175, 42.5, 3.675], "size": [2, 2, 1], "pivot": [-2.175, 42.5, 4.675], "rotation": [22.5, 0, 0], "uv": [172, 27]}
					]
				},
				{
					"name": "bone7",
					"parent": "bone22",
					"pivot": [-4.175, 42.5, 4.675],
					"rotation": [0, -25, 0],
					"cubes": [
						{"origin": [-6.175, 42.5, 3.675], "size": [2, 2, 1], "pivot": [-4.175, 42.5, 4.675], "rotation": [20, -12.5, -15], "uv": [179, 27]}
					]
				},
				{
					"name": "bone33",
					"parent": "bone21",
					"pivot": [-0.375, 42.5, 4.675],
					"rotation": [0, 47.5, 0],
					"cubes": [
						{"origin": [-0.375, 42.5, 3.675], "size": [2, 2, 1], "pivot": [-0.375, 42.5, 4.675], "rotation": [22.5, 0, 0], "uv": [165, 25]}
					]
				},
				{
					"name": "bone34",
					"parent": "bone33",
					"pivot": [1.625, 42.5, 4.675],
					"rotation": [0, 25, 0],
					"cubes": [
						{"origin": [1.625, 42.5, 3.675], "size": [2, 2, 1], "pivot": [1.625, 42.5, 4.675], "rotation": [20, 12.5, 15], "uv": [189, 14]}
					]
				},
				{
					"name": "bone48",
					"parent": "hm",
					"pivot": [-1.275, 38.5, 4.775],
					"cubes": [
						{"origin": [-1.775, 38.5, 3.775], "size": [1, 1, 1], "uv": [184, 39]}
					]
				},
				{
					"name": "bone49",
					"parent": "bone48",
					"pivot": [-0.875, 38.5, 4.775],
					"rotation": [0, 20, -12.5],
					"cubes": [
						{"origin": [-0.875, 38.5, 3.775], "size": [1, 1, 1], "uv": [202, 18]}
					]
				},
				{
					"name": "bone50",
					"parent": "bone49",
					"pivot": [0.125, 38.5, 4.775],
					"rotation": [0, 15, -10],
					"cubes": [
						{"origin": [0.125, 38.5, 3.775], "size": [2, 1, 1], "uv": [186, 36]}
					]
				},
				{
					"name": "bone54",
					"parent": "bone50",
					"pivot": [2.125, 38.5, 4.775],
					"rotation": [0, 20, -7.5],
					"cubes": [
						{"origin": [2.125, 38.5, 3.775], "size": [2, 1, 1], "uv": [193, 36]}
					]
				},
				{
					"name": "bone55",
					"parent": "bone48",
					"pivot": [-1.275, 41.2, 4.875],
					"rotation": [7.5, 20, -2.5],
					"cubes": [
						{"origin": [-1.275, 41.2, 3.875], "size": [1, 1, 1], "uv": [202, 15]}
					]
				},
				{
					"name": "bone56",
					"parent": "bone55",
					"pivot": [-0.275, 41.2, 4.875],
					"rotation": [0, 20, -10],
					"cubes": [
						{"origin": [-0.275, 41.2, 3.875], "size": [2, 1, 1], "uv": [179, 35]}
					]
				},
				{
					"name": "bone57",
					"parent": "bone56",
					"pivot": [1.725, 41.2, 4.875],
					"rotation": [0, 32.5, -7.5],
					"cubes": [
						{"origin": [1.725, 41.2, 3.875], "size": [2, 1, 1], "uv": [199, 2]}
					]
				},
				{
					"name": "bone58",
					"parent": "bone48",
					"pivot": [-1.275, 41.2, 4.875],
					"rotation": [7.5, -20, 2.5],
					"cubes": [
						{"origin": [-2.275, 41.2, 3.875], "size": [1, 1, 1], "uv": [202, 11]}
					]
				},
				{
					"name": "bone59",
					"parent": "bone58",
					"pivot": [-2.275, 41.2, 4.875],
					"rotation": [0, -20, 10],
					"cubes": [
						{"origin": [-4.275, 41.2, 3.875], "size": [2, 1, 1], "uv": [198, 5]}
					]
				},
				{
					"name": "bone60",
					"parent": "bone59",
					"pivot": [-4.275, 41.2, 4.875],
					"rotation": [0, -32.5, 7.5],
					"cubes": [
						{"origin": [-6.275, 41.2, 3.875], "size": [2, 1, 1], "uv": [172, 35]}
					]
				},
				{
					"name": "bone61",
					"parent": "bone48",
					"pivot": [-1.675, 38.5, 4.775],
					"rotation": [0, -20, 12.5],
					"cubes": [
						{"origin": [-2.675, 38.5, 3.775], "size": [1, 1, 1], "uv": [173, 11]}
					]
				},
				{
					"name": "bone62",
					"parent": "bone61",
					"pivot": [-2.675, 38.5, 4.775],
					"rotation": [0, -15, 10],
					"cubes": [
						{"origin": [-4.675, 38.5, 3.775], "size": [2, 1, 1], "uv": [195, 25]}
					]
				},
				{
					"name": "bone63",
					"parent": "bone62",
					"pivot": [-4.675, 38.5, 4.775],
					"rotation": [0, -20, 7.5],
					"cubes": [
						{"origin": [-6.675, 38.5, 3.775], "size": [2, 1, 1], "uv": [196, 13]}
					]
				},
				{
					"name": "cm",
					"parent": "MaoZi",
					"pivot": [-1.175, 41.5, -1.525],
					"cubes": [
						{"origin": [-4.075, 42.1, -3.125], "size": [1, 2, 5], "pivot": [-4.575, 40.5, -2.125], "rotation": [0, 0, 15], "uv": [165, 17]},
						{"origin": [0.525, 42.1, -3.125], "size": [1, 2, 5], "pivot": [2.025, 40.5, -2.125], "rotation": [0, 0, -15], "uv": [177, 4]},
						{"origin": [0.925, 40.6, -3.125], "size": [1, 2, 5], "pivot": [1.925, 40.6, -2.125], "rotation": [0, 0, -22.5], "uv": [173, 12]},
						{"origin": [-4.475, 40.6, -3.125], "size": [1, 2, 5], "pivot": [-4.475, 40.6, -2.125], "rotation": [0, 0, 22.5], "uv": [165, 9]},
						{"origin": [1.325, 40.1, -3.125], "size": [1, 1, 5], "pivot": [2.325, 40.1, -3.125], "rotation": [0, 0, -24], "uv": [173, 20]},
						{"origin": [0.725, 41.8, -2.625], "size": [1, 1, 4], "pivot": [1.725, 41.8, -3.125], "rotation": [0, 0, -24], "uv": [186, 8]},
						{"origin": [-4.275, 41.8, -2.625], "size": [1, 1, 4], "pivot": [-4.275, 41.8, -3.125], "rotation": [0, 0, 24], "uv": [185, 2]},
						{"origin": [-4.875, 40.1, -3.125], "size": [1, 1, 5], "pivot": [-4.875, 40.1, -3.125], "rotation": [0, 0, 24], "uv": [181, 15]}
					]
				},
				{
					"name": "MaWei_Left",
					"parent": "Hair",
					"pivot": [4.85, 34.125, -0.3],
					"rotation": [-97.0131, 67.4469, -92.26147],
					"cubes": [
						{"origin": [3.85, 30.3, -0.4], "size": [1, 4, 1], "uv": [45, 207]},
						{"origin": [2.50953, 30.23886, -0.5412], "size": [1, 4, 1], "pivot": [3.60953, 31.88886, 0.0338], "rotation": [-31.25452, -73.21714, 25.44939], "uv": [37, 212]}
					]
				},
				{
					"name": "Zhuan",
					"parent": "MaWei_Left",
					"pivot": [4.08167, 31.0869, -0.31948],
					"rotation": [-7.5, 0, -30],
					"cubes": [
						{"origin": [3.85, 29.3, -0.375], "size": [1, 2, 1], "uv": [49, 210]},
						{"origin": [2.99521, 28.80233, -1.58482], "size": [1.1, 2, 1], "pivot": [3.59521, 29.30233, -0.73482], "rotation": [-41.49378, -74.08277, 28.42427], "uv": [20, 212]}
					]
				},
				{
					"name": "MaWei_A8",
					"parent": "Zhuan",
					"pivot": [4.05, 29.525, -0.225],
					"rotation": [-69.15274, -82.5914, 96.30589],
					"cubes": [
						{"origin": [4.45, 27.175, -0.725], "size": [1, 3, 1], "pivot": [4.6, 27.175, -0.225], "rotation": [0, 0, -12.5], "uv": [36, 207]},
						{"origin": [4.35328, 25.48524, -0.65], "size": [1, 2, 1], "pivot": [5.02828, 26.86024, -0.225], "rotation": [14.94548, -1.29256, 6.33045], "uv": [40, 208]},
						{"origin": [3.84217, 25.69575, -1.05], "size": [1, 4, 1], "pivot": [4.54618, 26.3791, -0.55], "rotation": [0, 0, -8.25], "uv": [41, 212]},
						{"origin": [4.75195, 24.53182, -1.075], "size": [1, 2, 1], "pivot": [5.30195, 25.28182, -0.55], "rotation": [0, 0, -53.25], "uv": [20, 208]},
						{"origin": [2.98703, 27.05425, -1.09867], "size": [1, 2, 1.1], "pivot": [3.44275, 27.42906, -0.30997], "rotation": [-36.88719, 89.18853, -31.274], "uv": [30, 207]},
						{"origin": [2.86564, 24.58465, -1.14651], "size": [1, 3, 1], "pivot": [3.44275, 27.42906, -0.30997], "rotation": [9.15343, 82.98277, -18.26264], "uv": [25, 208]}
					]
				},
				{
					"name": "Left_CeFa_A",
					"parent": "Hair",
					"pivot": [3.8375, 35.9954, -2.57915],
					"rotation": [9.51719, 0.56319, -9.86742],
					"cubes": [
						{"origin": [3.325, 33.4954, -3.57915], "size": [1.025, 2, 1], "uv": [82, 200]},
						{"origin": [3.46482, 32.64395, -2.41545], "size": [1.025, 3, 1], "pivot": [4.49247, 33.90599, -1.62781], "rotation": [45.10698, -1.07009, -7.57128], "uv": [101, 195]}
					]
				},
				{
					"name": "Left_CeFa_B2",
					"parent": "Left_CeFa_A",
					"pivot": [4.2125, 37.4954, -1.57915],
					"rotation": [0, 0, -12.5],
					"cubes": [
						{"origin": [3.94914, 33.55775, -2.3613], "size": [1.025, 2, 2], "pivot": [4.02156, 33.75016, -1.65281], "rotation": [45.06377, 2.47183, -3.60125], "uv": [14, 182]},
						{"origin": [3.93212, 32.67713, -2.3363], "size": [1.025, 1, 1], "pivot": [4.02156, 33.75016, -1.65281], "rotation": [45.11267, 0.70121, -1.8356], "uv": [20, 205]},
						{"origin": [3.92732, 34.52121, -3.47961], "size": [1.025, 3, 2], "uv": [60, 168]}
					]
				},
				{
					"name": "Right_CeFa_A",
					"parent": "Hair",
					"pivot": [-3.6625, 36.1954, -2.57915],
					"rotation": [-5.3704, 1.18868, 12.44425],
					"cubes": [
						{"origin": [-4.175, 33.6954, -3.57915], "size": [1.025, 2, 1], "uv": [52, 200]},
						{"origin": [-4.21133, 30.76346, -3.55415], "size": [1.025, 3, 1], "pivot": [-4.0775, 33.8719, -2.74745], "rotation": [0, 0, -17.5], "uv": [53, 195]}
					]
				},
				{
					"name": "Right_CeFa_B3",
					"parent": "Right_CeFa_A",
					"pivot": [-3.57657, 33.20532, -2.29162],
					"rotation": [-5.31368, -1.42147, -14.93404],
					"cubes": [
						{"origin": [-4.08907, 30.88032, -3.29162], "size": [1.025, 2, 1], "uv": [47, 200]}
					]
				},
				{
					"name": "Right_CeFa_C",
					"parent": "Right_CeFa_B3",
					"pivot": [-4.20157, 34.70532, -0.84162],
					"cubes": [
						{"origin": [-4.57716, 30.96059, -2.71246], "size": [1.025, 1, 1], "pivot": [-4.11785, 30.16011, -1.97496], "rotation": [0, 0, -12.5], "uv": [0, 205]},
						{"origin": [-4.94139, 31.73114, -2.74208], "size": [1.025, 2, 2], "uv": [46, 169]}
					]
				},
				{
					"name": "Right_CeFa_B4",
					"parent": "Right_CeFa_A",
					"pivot": [-4.0375, 37.6954, -1.57915],
					"rotation": [10, 0, 7.5],
					"cubes": [
						{"origin": [-4.475, 32.85, -3.475], "size": [1.025, 2, 2], "pivot": [-3.95378, 33.15019, -2.7125], "rotation": [0, 0, -10], "uv": [53, 175]},
						{"origin": [-4.46309, 31.95067, -3.45], "size": [1.025, 1, 1], "pivot": [-3.95378, 33.15019, -2.7125], "rotation": [0, 0, -12.5], "uv": [107, 200]},
						{"origin": [-4.77732, 34.72121, -3.47961], "size": [1.025, 3, 2], "uv": [39, 168]}
					]
				},
				{
					"name": "Left_CeFa_B4",
					"parent": "Hair",
					"pivot": [3.6625, 37.5954, -2.65415],
					"rotation": [2.30481, 2.11404, -18.81604],
					"cubes": [
						{"origin": [3.075, 32.75, -4.55], "size": [1.025, 2, 2], "pivot": [3.57878, 33.05019, -3.7875], "rotation": [0, 0, 10], "uv": [53, 175], "mirror": true},
						{"origin": [3.06309, 31.85067, -4.525], "size": [1.025, 1, 1], "pivot": [3.57878, 33.05019, -3.7875], "rotation": [0, 0, 12.5], "uv": [107, 200], "mirror": true},
						{"origin": [3.37732, 34.62121, -4.55461], "size": [1.025, 3, 2], "uv": [39, 168], "mirror": true}
					]
				},
				{
					"name": "Right_CeFa_A2",
					"parent": "Left_CeFa_B4",
					"pivot": [3.36255, 34.45579, -3.02727],
					"rotation": [-5, 0, 20],
					"cubes": [
						{"origin": [2.70396, 31.02326, -3.76246], "size": [1, 1, 1], "pivot": [3.06255, 32.45579, -3.02727], "rotation": [0, 0, 22.5], "uv": [0, 205], "mirror": true},
						{"origin": [2.56639, 31.85614, -3.79208], "size": [1.025, 3, 2], "pivot": [3.06255, 32.45579, -3.02727], "rotation": [0, 0, 10], "uv": [46, 168], "mirror": true}
					]
				},
				{
					"name": "BackpackLocator",
					"parent": "UpperBody",
					"pivot": [0, 27.9644, 0]
				},
				{
					"name": "LeftWaistLocator",
					"parent": "UpperBody",
					"pivot": [4, 23.9644, 0],
					"rotation": [-20, 0, 0]
				},
				{
					"name": "RightWaistLocator",
					"parent": "UpperBody",
					"pivot": [-4, 23.9644, 0],
					"rotation": [-5, 0, 0]
				},
				{
					"name": "DownBody",
					"parent": "AllBody",
					"pivot": [0, 17.5, 0]
				},
				{
					"name": "Leg",
					"parent": "DownBody",
					"pivot": [0, 17.5, 0]
				},
				{
					"name": "LeftLeg",
					"parent": "Leg",
					"pivot": [2.3, 18.05, -1],
					"cubes": [
						{"origin": [0.375, 10.8, -2], "size": [3.45, 8, 4], "uv": [59, 41]},
						{"origin": [0.575, 9.85, -1.325], "size": [3, 2, 2], "pivot": [-0.5, 10.85, -0.325], "rotation": [30, 0, 0], "uv": [26, 155]}
					]
				},
				{
					"name": "LeftLowerLeg",
					"parent": "LeftLeg",
					"pivot": [2.1, 11.35, 0.2],
					"cubes": [
						{"origin": [0.4, 2.65, -1.9], "size": [3.4, 9, 4], "uv": [72, 27]},
						{"origin": [0.95, 6.875, -1.95], "size": [0.5, 0.5, 1], "uv": [72, 27]},
						{"origin": [0.95, 6.075, -1.95], "size": [0.5, 0.5, 1], "uv": [72, 27]},
						{"origin": [0.95, 5.275, -1.95], "size": [0.5, 0.5, 1], "uv": [72, 27]},
						{"origin": [0.95, 4.475, -1.95], "size": [0.5, 0.5, 1], "uv": [72, 27]},
						{"origin": [2.75, 4.475, -1.95], "size": [0.5, 0.5, 1], "uv": [72, 27]},
						{"origin": [2.75, 5.275, -1.95], "size": [0.5, 0.5, 1], "uv": [72, 27]},
						{"origin": [2.75, 6.075, -1.95], "size": [0.5, 0.5, 1], "uv": [72, 27]},
						{"origin": [2.75, 6.875, -1.95], "size": [0.5, 0.5, 1], "uv": [72, 27]},
						{"origin": [0.3, 7.65, -2], "size": [3.6, 1.2, 4.2], "uv": [120, 33]}
					]
				},
				{
					"name": "LeftFoot",
					"parent": "LeftLowerLeg",
					"pivot": [2.0875, 3.15, 1.1375],
					"cubes": [
						{"origin": [0.25, 0.475, -3.9], "size": [3.675, 3, 5.075], "pivot": [0, 1.975, -0.8625], "rotation": [9.5, 0, 0], "uv": [53, 27]},
						{"origin": [0.275, 1.79073, 0.95314], "size": [3.625, 2.025, 1.225], "pivot": [2.0875, 2.76573, 1.59064], "rotation": [3, 0, 0], "uv": [83, 60]},
						{"origin": [0.15, -0.175, -4.325], "size": [3.875, 2, 4.075], "uv": [92, 64]},
						{"origin": [0.15, -0.175, 0.275], "size": [3.875, 2, 2.075], "uv": [80, 54]},
						{"origin": [0.475, 2.575, -3], "size": [3.175, 1, 2.075], "pivot": [2.5875, 3.075, -2.4125], "rotation": [35, 0, 0], "uv": [0, 164]}
					]
				},
				{
					"name": "RightLeg",
					"parent": "Leg",
					"pivot": [-2.3, 18.05, -1],
					"cubes": [
						{"origin": [-3.825, 10.8, -2], "size": [3.45, 8, 4], "uv": [25, 41]},
						{"origin": [-3.675, 9.85, -1.325], "size": [3, 2, 2], "pivot": [-0.3, 10.85, -0.325], "rotation": [30, 0, 0], "uv": [26, 150]}
					]
				},
				{
					"name": "RightLowerLeg",
					"parent": "RightLeg",
					"pivot": [-2.1, 11.35, 0.2],
					"cubes": [
						{"origin": [-3.9, 7.65, -2], "size": [3.6, 1.2, 4.2], "uv": [120, 33], "mirror": true},
						{"origin": [-3.8, 2.65, -1.9], "size": [3.4, 9, 4], "uv": [72, 27], "mirror": true},
						{"origin": [-1.45, 6.875, -1.95], "size": [0.5, 0.5, 1], "uv": [72, 27], "mirror": true},
						{"origin": [-1.45, 6.075, -1.95], "size": [0.5, 0.5, 1], "uv": [72, 27], "mirror": true},
						{"origin": [-1.45, 5.275, -1.95], "size": [0.5, 0.5, 1], "uv": [72, 27], "mirror": true},
						{"origin": [-1.45, 4.475, -1.95], "size": [0.5, 0.5, 1], "uv": [72, 27], "mirror": true},
						{"origin": [-3.25, 6.875, -1.95], "size": [0.5, 0.5, 1], "uv": [72, 27], "mirror": true},
						{"origin": [-3.25, 6.075, -1.95], "size": [0.5, 0.5, 1], "uv": [72, 27], "mirror": true},
						{"origin": [-3.25, 5.275, -1.95], "size": [0.5, 0.5, 1], "uv": [72, 27], "mirror": true},
						{"origin": [-3.25, 4.475, -1.95], "size": [0.5, 0.5, 1], "uv": [72, 27], "mirror": true}
					]
				},
				{
					"name": "RightFoot",
					"parent": "RightLowerLeg",
					"pivot": [-2.0875, 3.15, 1.1375],
					"cubes": [
						{"origin": [-3.925, 0.475, -3.9], "size": [3.675, 3, 5.075], "pivot": [0, 1.975, -0.8625], "rotation": [9.5, 0, 0], "uv": [53, 27], "mirror": true},
						{"origin": [-3.9, 1.79073, 0.95314], "size": [3.625, 2.025, 1.225], "pivot": [-2.0875, 2.76573, 1.59064], "rotation": [3, 0, 0], "uv": [83, 60], "mirror": true},
						{"origin": [-4.025, -0.175, -4.325], "size": [3.875, 2, 4.075], "uv": [92, 64], "mirror": true},
						{"origin": [-4.025, -0.175, 0.275], "size": [3.875, 2, 2.075], "uv": [80, 54], "mirror": true},
						{"origin": [-3.65, 2.575, -3], "size": [3.175, 1, 2.075], "pivot": [-2.5875, 3.075, -2.4125], "rotation": [35, 0, 0], "uv": [0, 164], "mirror": true}
					]
				}
			]
		}
	]
}