{
	"pack_name": "{maid_pack.ponies.name}",
	"author": ["tiffbu"],
	"icon": "ponies:textures/maid_icon.png",
	"version": "1.0.2",
	"date": "2024-07-07",
	"model_list": [
		{
			"model_id": "ponies:g4_base",
			"is_gecko": true,
			"render_entity_scale": 1.1,
			"animation": ["ponies:animation/g4_base.animation.json"],
			"description": ["{model.ponies.g4_base.desc}"],
			"show_backpack": false,
			"show_custom_head": false
		},
		{
			"model_id": "ponies:g4_magic_base",
			"is_gecko": true,
			"render_entity_scale": 1.1,
			"animation": ["ponies:animation/g4_magic_base.animation.json"],
			"description": ["{model.ponies.g4_magic_base.desc}"],
			"show_backpack": false,
			"show_custom_head": false
		}
	],
	"description": ["{maid_pack.ponies.desc}"]
}