{
  "materials": [
    {
      "item": {
        "tag": "forge:gems/diamond"
      },
      "count": 36
    },
    {
      "item": {
        "tag": "forge:ingots/gold"
      },
      "count": 95
    },
    {
      "item": {
        "tag": "forge:ingots/netherite"
      },
      "count": 15
    },
    {
      "item": {
        "tag": "forge:ingots/iron"
      },
      "count": 450
    },
    {
      "item": {
        "tag": "forge:rods/blaze"
      },
      "count": 25
    }
  ],
  "result": {
    "type": "gun",
    "id": "cake:railgun",
    "attachments": {
      "scope": "cake:scope_hikari"
    }
  },
  "type": "tacz:gun_smith_table_crafting"
}