{
  "materials": [
    {
      "item": {
        "tag": "forge:ingots/iron"
      },
      "count": 50
    },
    {
      "item": {
        "tag": "forge:gems/lapis"
      },
      "count": 20
    },
    {
      "item": {
        "tag": "minecraft:logs"
      },
      "count": 10
    }
  ],
  "result": {
    "type": "gun",
    "id": "cake:sig556",
    "attachments": {
      "grip": "cake:grip_sig556",
      "muzzle": "cake:muzzle_sig556",
      "scope": "cake:scope_sig556"
    }
  },
  "type": "tacz:gun_smith_table_crafting"
}