{
	"format_version": "1.12.0",
	"minecraft:geometry": [
		{
			"description": {
				"identifier": "geometry.unknown",
				"texture_width": 256,
				"texture_height": 256,
				"visible_bounds_width": 5,
				"visible_bounds_height": 5.5,
				"visible_bounds_offset": [0, 2.25, 0]
			},
			"bones": [
				{
					"name": "Root",
					"pivot": [0, 0.1, 0]
				},
				{
					"name": "AllBody",
					"parent": "Root",
					"pivot": [0, 20.1, 0]
				},
				{
					"name": "UpBody",
					"parent": "AllBody",
					"pivot": [0, 20.1, 0]
				},
				{
					"name": "Arm",
					"parent": "UpBody",
					"pivot": [-0.2, 5.8, 0]
				},
				{
					"name": "LeftArm",
					"parent": "Arm",
					"pivot": [3.65, 30.1, 0],
					"rotation": [0, 0, -18],
					"cubes": [
						{"origin": [2.35, 24.15, -1.5], "size": [3.05, 7, 3], "uv": [98, 97], "mirror": true},
						{"origin": [2.5, 25.925, -1.95], "size": [3.05, 4, 3.8], "pivot": [4.74098, 28.13014, -0.05], "rotation": [0, 0, -2.5], "uv": [111, 95], "mirror": true}
					]
				},
				{
					"name": "LeftForeArm",
					"parent": "LeftArm",
					"pivot": [3.875, 24.65, 0.025],
					"cubes": [
						{"origin": [2.375, 20.125, -1.475], "size": [3, 5, 3], "uv": [0, 97], "mirror": true}
					]
				},
				{
					"name": "LeftHand",
					"parent": "LeftForeArm",
					"pivot": [3.9, 20.375, -0.525],
					"cubes": [
						{"origin": [2.4, 17.125, -1.525], "size": [3, 4, 3], "uv": [48, 193], "mirror": true}
					]
				},
				{
					"name": "LeftHandLocator",
					"parent": "LeftHand",
					"pivot": [3.9, 18.375, -0.525]
				},
				{
					"name": "RightArm",
					"parent": "Arm",
					"pivot": [-3.65, 30.1, 0],
					"rotation": [0, 0, 18],
					"cubes": [
						{"origin": [-5.4, 24.15, -1.5], "size": [3.05, 7, 3], "uv": [98, 97]},
						{"origin": [-5.55, 25.925, -1.95], "size": [3.05, 4, 3.8], "pivot": [-4.74098, 28.13014, -0.05], "rotation": [0, 0, 2.5], "uv": [111, 95]}
					]
				},
				{
					"name": "RightForeArm",
					"parent": "RightArm",
					"pivot": [-3.875, 24.65, 0.025],
					"cubes": [
						{"origin": [-5.375, 20.125, -1.475], "size": [3, 5, 3], "uv": [0, 97]}
					]
				},
				{
					"name": "RightHand",
					"parent": "RightForeArm",
					"pivot": [-3.9, 20.375, -0.525],
					"cubes": [
						{"origin": [-5.4, 17.125, -1.525], "size": [3, 4, 3], "uv": [48, 193]}
					]
				},
				{
					"name": "RightHandLocator",
					"parent": "RightHand",
					"pivot": [-3.9, 18.375, -0.525]
				},
				{
					"name": "UpperBody",
					"parent": "UpBody",
					"pivot": [0, 20.1, 0],
					"cubes": [
						{"origin": [-3.5, 19.2, -2.025], "size": [7, 12, 4.05], "uv": [32, 43]},
						{"origin": [1.175, 23.95, -2.05], "size": [1, 1, 1], "uv": [65, 155]},
						{"origin": [1.175, 21.925, -2.1], "size": [1, 1, 1], "pivot": [0, 22.95, -1.55], "rotation": [-12.5, 0, 0], "uv": [65, 155]},
						{"origin": [-2.175, 23.95, -2.05], "size": [1, 1, 1], "uv": [65, 155], "mirror": true},
						{"origin": [-2.175, 21.925, -2.1], "size": [1, 1, 1], "pivot": [0, 22.95, -1.55], "rotation": [-12.5, 0, 0], "uv": [65, 155], "mirror": true},
						{"origin": [-0.5375, 26.08339, -3.92465], "size": [1.075, 2.225, 2], "pivot": [0, 27.65279, -2.15734], "rotation": [-40, 0, 0], "uv": [40, 173]},
						{"origin": [-2.92763, 25.41255, -3.53128], "size": [3, 4, 4], "pivot": [0, 27.65279, -2.15734], "rotation": [50.56873, 3.91995, -6.12463], "uv": [24, 170], "mirror": true},
						{"origin": [-0.07237, 25.41255, -3.53128], "size": [3, 4, 4], "pivot": [0, 27.65279, -2.15734], "rotation": [50.56873, -3.91995, 6.12463], "uv": [24, 170]},
						{"origin": [-3.55, 25.92784, -3.06306], "size": [7.075, 3, 3], "pivot": [-0.0125, 27.80284, -1.26306], "rotation": [-37.5, 0, 0], "uv": [39, 166]},
						{"origin": [-2.5, 29.575, -2.075], "size": [5, 2, 4.15], "uv": [4, 171]},
						{"origin": [-3.8, 20.35, -2.175], "size": [7.6, 2, 4.35], "uv": [2, 162]}
					]
				},
				{
					"name": "AllHead",
					"parent": "UpperBody",
					"pivot": [0, 0, 0],
					"cubes": [
						{"origin": [-1.5, 31.2, -1.525], "size": [3, 2, 3], "uv": [120, 11]}
					]
				},
				{
					"name": "Head",
					"parent": "AllHead",
					"pivot": [0, 32.1, 0],
					"cubes": [
						{"origin": [-3.5, 32.1, -3.5], "size": [7, 7, 7], "uv": [9, 0]},
						{"origin": [5.91897, 33.26218, 2.41974], "size": [2, 1.6, 1.925], "pivot": [7.31897, 33.83718, 3.36974], "rotation": [2.32967, -7.13097, -32.39518], "uv": [49, 181]},
						{"origin": [5.79397, 33.16218, 2.31974], "size": [2.1, 1, 2.125], "pivot": [7.31897, 33.83718, 3.36974], "rotation": [2.32967, -7.13097, -32.39518], "uv": [48, 184]},
						{"origin": [8.32516, 35.19605, 2.65374], "size": [0.5, 1.825, 1.75], "pivot": [8.57516, 36.10855, 3.61624], "rotation": [5.63127, -4.96167, -62.99418], "uv": [57, 184]},
						{"origin": [2.15684, 32.60202, 2.24887], "size": [4, 2, 2], "pivot": [6.35583, 33.89982, 3.24887], "rotation": [0, -7.5, -14.25], "uv": [47, 173]},
						{"origin": [8.36995, 34.42174, 2.82035], "size": [2, 1, 1.4], "pivot": [8.36595, 35.24674, 3.52035], "rotation": [7.24721, -1.93597, -81.37261], "uv": [56, 181]},
						{"origin": [8.56002, 35.98908, 2.92025], "size": [0.8, 1.15, 1.35], "pivot": [8.83502, 36.18908, 3.59525], "rotation": [4.9611, -5.63177, -47.74417], "uv": [61, 175]},
						{"origin": [6.76002, 35.98908, 2.92025], "size": [1.8, 1.15, 1.35], "pivot": [8.83502, 36.18908, 3.59525], "rotation": [4.9611, -5.63177, -47.74417], "uv": [65, 178]},
						{"origin": [4.61383, 34.12913, 2.52469], "size": [3, 1.425, 1.6], "pivot": [6.91383, 34.85413, 3.32469], "rotation": [1.72836, -7.29924, -19.61025], "uv": [55, 178]},
						{"origin": [6.83395, 34.52619, 2.62035], "size": [2, 1.2, 1.8], "pivot": [8.36595, 35.24674, 3.52035], "rotation": [5.31847, -5.29571, -51.49614], "uv": [48, 178]},
						{"origin": [-7.91897, 33.26218, 2.41974], "size": [2, 1.6, 1.925], "pivot": [-7.31897, 33.83718, 3.36974], "rotation": [2.32967, 7.13097, 32.39518], "uv": [49, 181], "mirror": true},
						{"origin": [-7.89397, 33.16218, 2.31974], "size": [2.1, 1, 2.125], "pivot": [-7.31897, 33.83718, 3.36974], "rotation": [2.32967, 7.13097, 32.39518], "uv": [48, 184], "mirror": true},
						{"origin": [-8.82516, 35.19605, 2.65374], "size": [0.5, 1.825, 1.75], "pivot": [-8.57516, 36.10855, 3.61624], "rotation": [5.63127, 4.96167, 62.99418], "uv": [57, 184], "mirror": true},
						{"origin": [-6.15684, 32.60202, 2.24887], "size": [4, 2, 2], "pivot": [-6.35583, 33.89982, 3.24887], "rotation": [0, 7.5, 14.25], "uv": [47, 173], "mirror": true},
						{"origin": [-10.36995, 34.42174, 2.82035], "size": [2, 1, 1.4], "pivot": [-8.36595, 35.24674, 3.52035], "rotation": [7.24721, 1.93597, 81.37261], "uv": [56, 181], "mirror": true},
						{"origin": [-9.36002, 35.98908, 2.92025], "size": [0.8, 1.15, 1.35], "pivot": [-8.83502, 36.18908, 3.59525], "rotation": [4.9611, 5.63177, 47.74417], "uv": [61, 175], "mirror": true},
						{"origin": [-8.56002, 35.98908, 2.92025], "size": [1.8, 1.15, 1.35], "pivot": [-8.83502, 36.18908, 3.59525], "rotation": [4.9611, 5.63177, 47.74417], "uv": [65, 178], "mirror": true},
						{"origin": [-7.61383, 34.12913, 2.52469], "size": [3, 1.425, 1.6], "pivot": [-6.91383, 34.85413, 3.32469], "rotation": [1.72836, 7.29924, 19.61025], "uv": [55, 178], "mirror": true},
						{"origin": [-8.83395, 34.52619, 2.62035], "size": [2, 1.2, 1.8], "pivot": [-8.36595, 35.24674, 3.52035], "rotation": [5.31847, 5.29571, 51.49614], "uv": [48, 178], "mirror": true}
					]
				},
				{
					"name": "ZuiBa",
					"parent": "Head",
					"pivot": [0.7, 15.1, 1.5]
				},
				{
					"name": "Zui4",
					"parent": "ZuiBa",
					"pivot": [0, 32.775, -2.6],
					"cubes": [
						{"origin": [-0.9, 33.075, -2.6], "size": [1.8, 0.1, 0], "uv": [161, 8]},
						{"origin": [-0.6, 32.45, -2.6], "size": [1.2, 0.75, 0], "uv": [161, 8]}
					]
				},
				{
					"name": "bone23",
					"parent": "Zui4",
					"pivot": [0.375, 33.35, -2.6],
					"rotation": [0, 0, 8.25],
					"cubes": [
						{"origin": [-0.00695, 33.1031, -2.6], "size": [0.925, 0.15, 0], "uv": [168, 8]}
					]
				},
				{
					"name": "bone24",
					"parent": "Zui4",
					"pivot": [-0.375, 33.35, -2.6],
					"rotation": [0, 0, -8.25],
					"cubes": [
						{"origin": [-0.91805, 33.1031, -2.6], "size": [0.9, 0.15, 0], "uv": [168, 8]}
					]
				},
				{
					"name": "bone17",
					"parent": "Zui4",
					"pivot": [-0.65, 33.025, -2.6],
					"rotation": [0, 0, 65],
					"cubes": [
						{"origin": [-0.775, 32.825, -2.6], "size": [0.675, 0.4, 0], "uv": [168, 8]}
					]
				},
				{
					"name": "bone18",
					"parent": "Zui4",
					"pivot": [0.65, 33.025, -2.6],
					"rotation": [0, 0, -65],
					"cubes": [
						{"origin": [0.1, 32.825, -2.6], "size": [0.675, 0.4, 0], "uv": [168, 8]}
					]
				},
				{
					"name": "Zui6",
					"parent": "ZuiBa",
					"pivot": [0, 32.775, -2.6],
					"cubes": [
						{"origin": [-0.9, 33.075, -2.6], "size": [1.8, 0.1, 0], "uv": [158, 14.5]},
						{"origin": [-0.6, 32.45, -2.6], "size": [1.2, 0.75, 0], "uv": [158, 14.5]}
					]
				},
				{
					"name": "bone21",
					"parent": "Zui6",
					"pivot": [0.375, 33.35, -2.6],
					"rotation": [0, 0, 8.25],
					"cubes": [
						{"origin": [-0.00695, 33.1031, -2.6], "size": [0.925, 0.15, 0], "uv": [165, 14.5]}
					]
				},
				{
					"name": "bone22",
					"parent": "Zui6",
					"pivot": [-0.375, 33.35, -2.6],
					"rotation": [0, 0, -8.25],
					"cubes": [
						{"origin": [-0.91805, 33.1031, -2.6], "size": [0.9, 0.15, 0], "uv": [165, 14.5]}
					]
				},
				{
					"name": "bone25",
					"parent": "Zui6",
					"pivot": [-0.65, 33.025, -2.6],
					"rotation": [0, 0, 65],
					"cubes": [
						{"origin": [-0.775, 32.825, -2.6], "size": [0.675, 0.4, 0], "uv": [165, 14.5]}
					]
				},
				{
					"name": "bone26",
					"parent": "Zui6",
					"pivot": [0.65, 33.025, -2.6],
					"rotation": [0, 0, -65],
					"cubes": [
						{"origin": [0.1, 32.825, -2.6], "size": [0.675, 0.4, 0], "uv": [165, 14.5]}
					]
				},
				{
					"name": "Zui2",
					"parent": "ZuiBa",
					"pivot": [0.125, 32.85, -1.6],
					"cubes": [
						{"origin": [-0.175, 32.825, -1.6], "size": [0.4, 0.15, 0], "pivot": [0.125, 32.9, -1.6], "rotation": [0, 0, -37.5], "uv": [167, 7]},
						{"origin": [-0.425, 33.125, -1.6], "size": [0.4, 0.15, 0], "pivot": [0.15, 32.9, -1.6], "rotation": [0, 0, -37.5], "uv": [167, 7]},
						{"origin": [-0.175, 32.6, -1.6], "size": [0.35, 0.15, 0], "pivot": [0.125, 32.9, -1.6], "rotation": [0, 0, 50], "uv": [167, 7]},
						{"origin": [-0.9603, 32.84994, -1.6], "size": [0.4, 0.15, 0], "pivot": [-0.7353, 32.97494, -1.55], "rotation": [0, 0, -42], "uv": [167, 7]},
						{"origin": [-0.65, 32.625, -1.6], "size": [0.4, 0.15, 0], "pivot": [-0.275, 32.9, -1.6], "rotation": [0, 0, 50], "uv": [167, 7]},
						{"origin": [0.5603, 32.84994, -1.6], "size": [0.4, 0.15, 0], "pivot": [0.7353, 32.97494, -1.55], "rotation": [0, 0, 42], "uv": [167, 7], "mirror": true},
						{"origin": [0.25, 32.625, -1.6], "size": [0.4, 0.15, 0], "pivot": [0.275, 32.9, -1.6], "rotation": [0, 0, -50], "uv": [167, 7], "mirror": true},
						{"origin": [0.025, 33.125, -1.6], "size": [0.4, 0.15, 0], "pivot": [-0.15, 32.9, -1.6], "rotation": [0, 0, 37.5], "uv": [167, 7], "mirror": true}
					]
				},
				{
					"name": "Zui5",
					"parent": "ZuiBa",
					"pivot": [0, 32.85, -2.6],
					"cubes": [
						{"origin": [-0.0625, 32.68912, -2.6], "size": [0.125, 0.125, 0], "uv": [167, 7]},
						{"origin": [-0.25173, 32.71738, -2.6], "size": [0.25, 0.125, 0], "pivot": [-0.07673, 32.79238, -2.6], "rotation": [0, 0, 32], "uv": [167, 7]},
						{"origin": [0.00173, 32.71738, -2.6], "size": [0.25, 0.125, 0], "pivot": [0.07673, 32.79238, -2.6], "rotation": [0, 0, -32], "uv": [167, 7], "mirror": true}
					]
				},
				{
					"name": "Zui3",
					"parent": "ZuiBa",
					"pivot": [0.125, 33.35, -2.6],
					"cubes": [
						{"origin": [-0.175, 33.625, -2.6], "size": [0.4, 0.35, 0], "pivot": [0.125, 33.9, -2.6], "rotation": [0, 0, -37.5], "uv": [167, 7]},
						{"origin": [-0.425, 33.75, -2.6], "size": [0.4, 0.525, 0], "pivot": [0.15, 33.9, -2.6], "rotation": [0, 0, -37.5], "uv": [167, 7]},
						{"origin": [-0.175, 33.6, -2.6], "size": [0.35, 0.15, 0], "pivot": [0.125, 33.9, -2.6], "rotation": [0, 0, 50], "uv": [167, 7]},
						{"origin": [-0.9603, 33.62494, -2.6], "size": [0.4, 0.375, 0], "pivot": [-0.7353, 33.97494, -2.55], "rotation": [0, 0, -42], "uv": [167, 7]},
						{"origin": [-1.6103, 33.04994, -2.6], "size": [0.7, 1.075, 0], "pivot": [-0.7353, 33.97494, -2.55], "rotation": [0, 0, -77], "uv": [159, 7]},
						{"origin": [0.9103, 32.99994, -2.6], "size": [0.7, 1.125, 0], "pivot": [0.7353, 33.97494, -2.55], "rotation": [0, 0, 77], "uv": [159, 7], "mirror": true},
						{"origin": [1.6103, 33.74994, -2.6], "size": [0.2, 0.375, 0], "pivot": [0.7353, 33.97494, -2.55], "rotation": [0, 0, 77], "uv": [167, 7], "mirror": true},
						{"origin": [1.6103, 33.37494, -2.6], "size": [0.1, 0.375, 0], "pivot": [0.7353, 33.97494, -2.55], "rotation": [0, 0, 77], "uv": [167, 7], "mirror": true},
						{"origin": [1.6103, 33.27494, -2.6], "size": [0.1, 0.175, 0], "pivot": [0.7353, 33.97494, -2.55], "rotation": [0, 0, 77], "uv": [167, 7], "mirror": true},
						{"origin": [-1.7103, 33.27494, -2.6], "size": [0.1, 0.175, 0], "pivot": [-0.7353, 33.97494, -2.55], "rotation": [0, 0, -77], "uv": [167, 7]},
						{"origin": [-1.7353, 33.42494, -2.6], "size": [0.125, 0.325, 0], "pivot": [-0.7353, 33.97494, -2.55], "rotation": [0, 0, -77], "uv": [167, 7]},
						{"origin": [-1.8103, 33.74994, -2.6], "size": [0.2, 0.375, 0], "pivot": [-0.7353, 33.97494, -2.55], "rotation": [0, 0, -77], "uv": [167, 7]},
						{"origin": [1.7353, 32.09994, -2.6], "size": [0.1, 2.25, 0], "pivot": [0.7353, 33.97494, -2.55], "rotation": [0, 0, 89.5], "uv": [165, 7]},
						{"origin": [-0.65, 33.625, -2.6], "size": [0.4, 0.15, 0], "pivot": [-0.275, 33.9, -2.6], "rotation": [0, 0, 50], "uv": [167, 7]},
						{"origin": [0.5603, 33.64994, -2.6], "size": [0.4, 0.35, 0], "pivot": [0.7353, 33.97494, -2.55], "rotation": [0, 0, 42], "uv": [167, 7], "mirror": true},
						{"origin": [0.25, 33.625, -2.6], "size": [0.4, 0.15, 0], "pivot": [0.275, 33.9, -2.6], "rotation": [0, 0, -50], "uv": [167, 7], "mirror": true},
						{"origin": [0.025, 33.9, -2.6], "size": [0.4, 0.375, 0], "pivot": [-0.15, 33.9, -2.6], "rotation": [0, 0, 37.5], "uv": [167, 7], "mirror": true}
					]
				},
				{
					"name": "Zui7",
					"parent": "ZuiBa",
					"pivot": [0.125, 32.75, -2.525],
					"cubes": [
						{"origin": [-0.175, 33.025, -2.525], "size": [0.4, 0.35, 0.025], "pivot": [0.125, 33.3, -2.525], "rotation": [0, 0, -37.5], "uv": [167, 7]},
						{"origin": [-0.425, 33.15, -2.525], "size": [0.4, 0.525, 0.025], "pivot": [0.15, 33.3, -2.525], "rotation": [0, 0, -37.5], "uv": [167, 7]},
						{"origin": [-0.175, 33, -2.525], "size": [0.35, 0.15, 0.025], "pivot": [0.125, 33.3, -2.525], "rotation": [0, 0, 50], "uv": [167, 7]},
						{"origin": [-0.9603, 33.02494, -2.525], "size": [0.4, 0.375, 0.025], "pivot": [-0.7353, 33.37494, -2.475], "rotation": [0, 0, -42], "uv": [167, 7]},
						{"origin": [-1.3103, 32.44994, -2.525], "size": [0.4, 1.075, 0.025], "pivot": [-0.7353, 33.37494, -2.475], "rotation": [0, 0, -77], "uv": [159, 7]},
						{"origin": [0.44209, 32.35988, -2.525], "size": [0.55, 1.075, 0.025], "pivot": [0.46709, 32.89738, -2.525], "rotation": [0, 0, 96.5], "uv": [159, 7], "mirror": true},
						{"origin": [-0.99209, 32.35988, -2.525], "size": [0.55, 1.075, 0.025], "pivot": [-0.46709, 32.89738, -2.525], "rotation": [0, 0, -96.5], "uv": [159, 7]},
						{"origin": [0.9103, 32.44994, -2.525], "size": [0.4, 1.075, 0.025], "pivot": [0.7353, 33.37494, -2.475], "rotation": [0, 0, 77], "uv": [159, 7], "mirror": true},
						{"origin": [-0.65, 33.025, -2.525], "size": [0.4, 0.15, 0.025], "pivot": [-0.275, 33.3, -2.525], "rotation": [0, 0, 50], "uv": [167, 7]},
						{"origin": [0.5603, 33.04994, -2.525], "size": [0.4, 0.35, 0.025], "pivot": [0.7353, 33.37494, -2.475], "rotation": [0, 0, 42], "uv": [167, 7], "mirror": true},
						{"origin": [0.25, 33.025, -2.525], "size": [0.4, 0.15, 0.025], "pivot": [0.275, 33.3, -2.525], "rotation": [0, 0, -50], "uv": [167, 7], "mirror": true},
						{"origin": [0.025, 33.3, -2.525], "size": [0.4, 0.375, 0.025], "pivot": [-0.15, 33.3, -2.525], "rotation": [0, 0, 37.5], "uv": [167, 7], "mirror": true}
					]
				},
				{
					"name": "GuangHuan",
					"parent": "Head",
					"pivot": [0, -0.45, 2.975]
				},
				{
					"name": "GH",
					"parent": "GuangHuan",
					"pivot": [0, 45.825, 6.125],
					"rotation": [-62.85767, 4.59902, -8.88927]
				},
				{
					"name": "WaiQuan",
					"parent": "GH",
					"pivot": [-0.02152, 45.72308, 6.22161],
					"cubes": [
						{"origin": [-1.225, 45.725, 1.275], "size": [2.45, 0.125, 0.8], "pivot": [0, 45.725, 5.825], "rotation": [0, -45, 0], "uv": [9, 230]},
						{"origin": [2.35162, 45.90685, 0.62215], "size": [2.275, 0.125, 1], "pivot": [4.51551, 45.96935, 0.95275], "rotation": [-180, 47.5, 180], "uv": [6, 224]},
						{"origin": [4.40651, 45.90685, 0.60882], "size": [2.275, 0.125, 1], "pivot": [4.51551, 45.96935, 0.95275], "rotation": [-180, 29.5, 180], "uv": [6, 224]},
						{"origin": [1.00358, 46.01147, 4.74275], "size": [2.275, 0.125, 1], "pivot": [-0.30584, 46.02166, 1.87123], "rotation": [-180, -42.5, 180], "uv": [6, 224], "mirror": true},
						{"origin": [1.89474, 46.01147, 5.67266], "size": [2.275, 0.125, 1], "pivot": [-0.30584, 46.02166, 1.87123], "rotation": [-180, -60.5, 180], "uv": [6, 224], "mirror": true},
						{"origin": [-4.92068, 45.90685, 10.24879], "size": [2.275, 0.125, 1], "pivot": [-4.81169, 45.96935, 10.59273], "rotation": [0, -43, 0], "uv": [6, 224]},
						{"origin": [-6.97558, 45.90685, 10.26212], "size": [2.275, 0.125, 1], "pivot": [-4.81169, 45.96935, 10.59273], "rotation": [0, -61, 0], "uv": [6, 224]},
						{"origin": [1.00358, 46.01147, 13.91775], "size": [2.275, 0.125, 1], "pivot": [-0.30584, 46.02166, 11.04623], "rotation": [0, 40, 0], "uv": [6, 224], "mirror": true},
						{"origin": [1.89474, 46.01147, 14.84766], "size": [2.275, 0.125, 1], "pivot": [-0.30584, 46.02166, 11.04623], "rotation": [0, 58, 0], "uv": [6, 224], "mirror": true},
						{"origin": [-1.225, 45.725, 1.275], "size": [2.45, 0.125, 0.8], "pivot": [0, 45.725, 5.825], "rotation": [0, 45, 0], "uv": [9, 230]},
						{"origin": [-1.225, 45.725, 1.275], "size": [2.45, 0.125, 0.8], "pivot": [0, 45.725, 5.825], "rotation": [0, 15, 0], "uv": [9, 230]},
						{"origin": [-2.33493, 45.725, 1.86392], "size": [1.125, 0.125, 0.8], "pivot": [-2.22243, 45.7875, 1.76392], "rotation": [0, 59, 0], "uv": [9, 230]},
						{"origin": [-5.60021, 45.725, 8.05318], "size": [1.125, 0.125, 0.8], "pivot": [0.37479, 45.7875, 1.42818], "rotation": [0, 36.5, 0], "uv": [9, 230]},
						{"origin": [-1.225, 45.725, 1.275], "size": [2.45, 0.125, 0.8], "pivot": [0, 45.725, 5.825], "rotation": [0, -15, 0], "uv": [9, 230]},
						{"origin": [-1.225, 45.725, 1.275], "size": [2.45, 0.125, 0.8], "pivot": [0, 45.725, 5.825], "rotation": [-180, -45, 180], "uv": [9, 230]},
						{"origin": [-1.225, 45.725, 1.275], "size": [2.45, 0.125, 0.8], "pivot": [0, 45.725, 5.825], "rotation": [-180, -15, 180], "uv": [9, 230]},
						{"origin": [-1.225, 45.725, 1.275], "size": [2.45, 0.125, 0.8], "pivot": [0, 45.725, 5.825], "rotation": [-180, 15, 180], "uv": [9, 230]},
						{"origin": [-1.225, 45.725, 1.275], "size": [2.45, 0.125, 0.8], "pivot": [0, 45.725, 5.825], "rotation": [-180, 45, 180], "uv": [9, 230]},
						{"origin": [-1.225, 45.725, 1.275], "size": [2.45, 0.125, 0.8], "pivot": [0, 45.725, 5.825], "rotation": [-180, 75, 180], "uv": [9, 230]},
						{"origin": [-1.225, 45.725, 1.275], "size": [2.45, 0.125, 0.8], "pivot": [0, 45.725, 5.825], "rotation": [0, 75, 0], "uv": [9, 230]}
					]
				},
				{
					"name": "WaiQuan2",
					"parent": "GH",
					"pivot": [0.6, 45.325, 5.825],
					"cubes": [
						{"origin": [0.025, 45.325, 3.7], "size": [1.125, 0.125, 0.875], "pivot": [0.6, 45.325, 5.825], "rotation": [0, -45, 0], "uv": [5, 238]},
						{"origin": [0.025, 45.325, 3.7], "size": [1.125, 0.125, 0.875], "pivot": [0.6, 45.325, 5.825], "rotation": [0, 45, 0], "uv": [5, 238]},
						{"origin": [0.025, 45.325, 3.7], "size": [1.125, 0.125, 0.875], "pivot": [0.6, 45.325, 5.825], "rotation": [0, 15, 0], "uv": [5, 238]},
						{"origin": [0.025, 45.325, 3.7], "size": [1.125, 0.125, 0.875], "pivot": [0.6, 45.325, 5.825], "rotation": [0, -15, 0], "uv": [5, 238]},
						{"origin": [0.025, 45.325, 3.7], "size": [1.125, 0.125, 0.875], "pivot": [0.6, 45.325, 5.825], "rotation": [-180, -45, 180], "uv": [5, 238]},
						{"origin": [0.025, 45.325, 3.7], "size": [1.125, 0.125, 0.875], "pivot": [0.6, 45.325, 5.825], "rotation": [-180, -15, 180], "uv": [5, 238]},
						{"origin": [0.025, 45.325, 3.7], "size": [1.125, 0.125, 0.875], "pivot": [0.6, 45.325, 5.825], "rotation": [-180, -75, 180], "uv": [5, 238]},
						{"origin": [0.025, 45.325, 3.7], "size": [1.125, 0.125, 0.875], "pivot": [0.6, 45.325, 5.825], "rotation": [0, -75, 0], "uv": [5, 238]},
						{"origin": [0.025, 45.325, 3.7], "size": [1.125, 0.125, 0.875], "pivot": [0.6, 45.325, 5.825], "rotation": [-180, 15, 180], "uv": [5, 238]},
						{"origin": [0.025, 45.325, 3.7], "size": [1.125, 0.125, 0.875], "pivot": [0.6, 45.325, 5.825], "rotation": [-180, 45, 180], "uv": [5, 238]},
						{"origin": [0.025, 45.325, 3.7], "size": [1.125, 0.125, 0.875], "pivot": [0.6, 45.325, 5.825], "rotation": [-180, 75, 180], "uv": [5, 238]},
						{"origin": [-1.10545, 45.325, 5.61339], "size": [1.075, 0.125, 1.075], "pivot": [-0.56795, 45.3875, 6.15089], "rotation": [-180, 27.5, 180], "uv": [5, 238]},
						{"origin": [0.025, 45.325, 3.7], "size": [1.125, 0.125, 0.875], "pivot": [0.6, 45.325, 5.825], "rotation": [0, 75, 0], "uv": [5, 238]}
					]
				},
				{
					"name": "HuanCi",
					"parent": "GH",
					"pivot": [-0.41795, 45.3875, 5.90089],
					"cubes": [
						{"origin": [-5.94489, 45.325, 7.96073], "size": [1.075, 0.125, 1.075], "pivot": [-0.41795, 45.3875, 5.90089], "rotation": [-180, 27.5, 180], "uv": [6, 219]},
						{"origin": [-3.1478, 45.36382, 5.59591], "size": [6.1, 0.125, 0.85], "pivot": [4.1147, 45.3875, 6.07829], "rotation": [-180, 0, 180], "uv": [6, 219]}
					]
				},
				{
					"name": "HuanCi2",
					"parent": "GH",
					"pivot": [-0.84295, 45.3875, 5.90089],
					"rotation": [0, 180, 0],
					"cubes": [
						{"origin": [-6.36989, 45.325, 7.96073], "size": [1.075, 0.125, 1.075], "pivot": [-0.84295, 45.3875, 5.90089], "rotation": [-180, 27.5, 180], "uv": [7, 218]},
						{"origin": [-3.5728, 45.36382, 5.59591], "size": [6.1, 0.125, 0.85], "pivot": [3.6897, 45.3875, 6.07829], "rotation": [-180, 0, 180], "uv": [7, 218]}
					]
				},
				{
					"name": "Ear",
					"parent": "Head",
					"pivot": [3.6, 34.4, -0.8],
					"rotation": [3.13388, -17.22575, -10.47479],
					"cubes": [
						{"origin": [3, 33.4, -1.3], "size": [2, 2, 1], "uv": [133, 27]}
					]
				},
				{
					"name": "Ear2",
					"parent": "Head",
					"pivot": [-3.6, 34.4, -0.8],
					"rotation": [3.13388, 17.22575, 10.47479],
					"cubes": [
						{"origin": [-5, 33.4, -1.3], "size": [2, 2, 1], "uv": [10, 133]}
					]
				},
				{
					"name": "Face",
					"parent": "Head",
					"pivot": [0, 34.1, 0]
				},
				{
					"name": "BQ___",
					"parent": "Face",
					"pivot": [0, 34.9, -3]
				},
				{
					"name": "MeiMao_BQ",
					"parent": "BQ___",
					"pivot": [0, 38.1, 3]
				},
				{
					"name": "MeiMaoZuo2",
					"parent": "MeiMao_BQ",
					"pivot": [2.625, 37.8, 3.8],
					"cubes": [
						{"origin": [1.125, 34.7, -1], "size": [3.4, 1, 1], "pivot": [1.275, 35.2, -0.5], "rotation": [0, 0, -17.5], "uv": [110, 131]},
						{"origin": [1.125, 34.7, -0.975], "size": [3.4, 1, 1], "pivot": [1.275, 35.2, -0.5], "rotation": [0, 0, 22.5], "uv": [110, 131]}
					]
				},
				{
					"name": "MeiMaoZuo3",
					"parent": "MeiMao_BQ",
					"pivot": [-2.625, 37.8, 3.8],
					"cubes": [
						{"origin": [-4.525, 34.7, -1], "size": [3.4, 1, 1], "pivot": [-1.275, 35.2, -0.5], "rotation": [0, 0, 17.5], "uv": [110, 131], "mirror": true},
						{"origin": [-4.525, 34.7, -0.975], "size": [3.4, 1, 1], "pivot": [-1.275, 35.2, -0.5], "rotation": [0, 0, -22.5], "uv": [110, 131], "mirror": true}
					]
				},
				{
					"name": "Eyes",
					"parent": "Face",
					"pivot": [0, 34.1, 0]
				},
				{
					"name": "Eyebrow",
					"parent": "Eyes",
					"pivot": [0, 34.8, 0]
				},
				{
					"name": "LeftEyebrow",
					"parent": "Eyebrow",
					"pivot": [-2.875, 34.95, -3.325],
					"cubes": [
						{"origin": [-3.275, 34.95, -3.825], "size": [2, 1, 1], "uv": [135, 3]}
					]
				},
				{
					"name": "MeiFuJia2",
					"parent": "LeftEyebrow",
					"pivot": [-3.825, 34.95, -3.325],
					"cubes": [
						{"origin": [-4.375, 34.45, -3.825], "size": [1.1, 1, 1], "uv": [81, 137], "mirror": true}
					]
				},
				{
					"name": "RightEyebrow",
					"parent": "Eyebrow",
					"pivot": [2.875, 34.95, -3.325],
					"cubes": [
						{"origin": [1.275, 34.95, -3.825], "size": [2, 1, 1], "uv": [133, 109]}
					]
				},
				{
					"name": "MeiFuJia",
					"parent": "RightEyebrow",
					"pivot": [3.825, 34.95, -3.325],
					"cubes": [
						{"origin": [3.275, 34.45, -3.825], "size": [1.1, 1, 1], "uv": [81, 137]}
					]
				},
				{
					"name": "Eyelid",
					"parent": "Eyes",
					"pivot": [0, 34.1, 0]
				},
				{
					"name": "RightEyelid",
					"parent": "Eyelid",
					"pivot": [-2.5, 33.1, -3.025],
					"cubes": [
						{"origin": [-3.4, 33.1, -3.525], "size": [2, 2, 1], "uv": [132, 120]}
					]
				},
				{
					"name": "RightEyesBase",
					"parent": "RightEyelid",
					"pivot": [-2.325, 33.1, -3.025],
					"cubes": [
						{"origin": [-2.925, 33.1, -3.55], "size": [1.4, 2, 1], "uv": [137, 7]}
					]
				},
				{
					"name": "TongRen",
					"parent": "RightEyesBase",
					"pivot": [-2.225, 34.24286, -3.075],
					"cubes": [
						{"origin": [-2.425, 33.7, -3.575], "size": [0.4, 0.8, 1], "uv": [16, 40], "mirror": true}
					]
				},
				{
					"name": "GaoGuang2",
					"parent": "RightEyesBase",
					"pivot": [-5.95, 15.75, -3.55],
					"cubes": [
						{"origin": [-1.9, 34.55, -3.575], "size": [0.5, 0.3, 1], "uv": [4, 145]}
					]
				},
				{
					"name": "LeftEyelid",
					"parent": "Eyelid",
					"pivot": [2.5, 33.1, -3.025],
					"cubes": [
						{"origin": [1.4, 33.1, -3.525], "size": [2, 2, 1], "uv": [132, 116]}
					]
				},
				{
					"name": "LeftEyesBase",
					"parent": "LeftEyelid",
					"pivot": [2.325, 33.1, -3.025],
					"cubes": [
						{"origin": [1.525, 33.1, -3.55], "size": [1.4, 2, 1], "uv": [4, 137]}
					]
				},
				{
					"name": "LeftPupil",
					"parent": "LeftEyesBase",
					"pivot": [2.225, 34.1, -3.075],
					"cubes": [
						{"origin": [2.025, 33.7, -3.575], "size": [0.4, 0.8, 1], "uv": [16, 40]}
					]
				},
				{
					"name": "GaoGuang",
					"parent": "LeftEyesBase",
					"pivot": [-1.225, 15.75, -3.55],
					"cubes": [
						{"origin": [2.625, 34.55, -3.575], "size": [0.5, 0.3, 1], "uv": [4, 145]}
					]
				},
				{
					"name": "Hair",
					"parent": "Head",
					"pivot": [-0.14783, 36.56957, 0.62174],
					"cubes": [
						{"origin": [1.91514, 35.28834, -4.99924], "size": [1, 4, 1], "pivot": [1.79014, 37.81334, -4.49924], "rotation": [-0.13198, -4.631, 7.5175], "uv": [39, 132], "mirror": true},
						{"origin": [1.5, 36.825, -4.8], "size": [1, 3, 1], "uv": [28, 136]},
						{"origin": [-1.5, 38.825, -4.625], "size": [3, 1, 1], "uv": [131, 43]},
						{"origin": [4, 34.3, 3], "size": [1, 4, 1], "uv": [66, 134]},
						{"origin": [-5, 34.275, 3], "size": [1, 4, 1], "uv": [134, 37]},
						{"origin": [0.91514, 35.18834, -4.99924], "size": [1, 4, 1], "pivot": [1.79014, 37.81334, -4.49924], "rotation": [-0.13198, -4.631, 7.5175], "uv": [107, 134], "mirror": true},
						{"origin": [-0.86133, 36.19071, -5.12906], "size": [1, 3, 1], "pivot": [0.33867, 37.69071, -4.42906], "rotation": [0.192, 0.78428, 0.08501], "uv": [107, 134]},
						{"origin": [0.13867, 35.19071, -5.12906], "size": [1, 4, 1], "pivot": [0.33867, 37.69071, -4.42906], "rotation": [0.192, 0.78428, 0.08501], "uv": [35, 138]},
						{"origin": [-1.50111, 35.28026, -4.825], "size": [1, 4, 1], "pivot": [-1.52611, 37.50526, -4.175], "rotation": [0, 0, -11.5], "uv": [71, 134], "mirror": true},
						{"origin": [-2.02256, 36.24503, -4.75], "size": [1, 3, 1], "pivot": [-1.94756, 37.44503, -4.325], "rotation": [0, 0, 8.5], "uv": [102, 132], "mirror": true},
						{"origin": [-2.5, 36.825, -4.475], "size": [1, 3, 1], "pivot": [-2.5, 38.025, -4.25], "rotation": [-5, 0, 0], "uv": [44, 136]},
						{"origin": [-4.4625, 35.625, -3.95], "size": [1, 4, 3], "uv": [102, 124]},
						{"origin": [3.4625, 35.625, -4], "size": [1, 4, 3], "uv": [123, 90]},
						{"origin": [-4.5, 35.2, -2.45], "size": [1, 5, 6], "uv": [26, 83]},
						{"origin": [-3, 33.4, 4.2], "size": [6, 6, 1], "uv": [104, 60]},
						{"origin": [-4, 32.4, 3.2], "size": [8, 7, 1], "uv": [80, 5]},
						{"origin": [3.5, 35.2, -2.45], "size": [1, 5, 6], "uv": [59, 79]},
						{"origin": [-5.5, 33.2, 1.025], "size": [1, 6, 2], "uv": [49, 14]},
						{"origin": [4.5, 33.2, 1.025], "size": [1, 6, 2], "uv": [41, 25]},
						{"origin": [-5.5, 34.2, 0.025], "size": [1, 5, 1], "uv": [61, 131]},
						{"origin": [4.5, 34.2, 0.025], "size": [1, 5, 1], "uv": [34, 131]},
						{"origin": [4.5, 35.2, -0.975], "size": [1, 3, 1], "uv": [135, 100]},
						{"origin": [-5.5, 35.2, -0.975], "size": [1, 3, 1], "uv": [134, 135]},
						{"origin": [-4.5, 33.2, 0.975], "size": [1, 2, 3], "uv": [129, 21]},
						{"origin": [3.5, 33.2, 0.875], "size": [1, 2, 3], "uv": [68, 128]},
						{"origin": [-4.4, 34.8, -3.6], "size": [1, 4, 2], "uv": [77, 128]},
						{"origin": [-2, 38.8, -4.2], "size": [4, 2, 1], "uv": [128, 67]},
						{"origin": [-2.975, 40.1, -3.6], "size": [6, 1, 7], "uv": [56, 7]},
						{"origin": [-4, 39.4, -3.8], "size": [8, 1, 8], "uv": [24, 15]},
						{"origin": [-2, 41.1, -2.6], "size": [4, 1, 5], "uv": [86, 70]},
						{"origin": [-3, 41.1, -1.6], "size": [1, 1, 3], "uv": [129, 71]},
						{"origin": [2, 41.1, -1.6], "size": [1, 1, 3], "uv": [129, 3]},
						{"origin": [-3.975, 40.1, -2.6], "size": [1, 1, 5], "uv": [83, 115]},
						{"origin": [3.025, 40.1, -2.6], "size": [1, 1, 5], "uv": [50, 115]},
						{"origin": [2.5, 35.725, -4.5], "size": [1, 4, 1], "uv": [112, 134]},
						{"origin": [-3.5, 35.725, -4.375], "size": [1, 4, 1], "pivot": [-2.5, 38.025, -4.25], "rotation": [-5, 0, 0], "uv": [133, 31]}
					]
				},
				{
					"name": "TouFa_Chang",
					"parent": "Hair",
					"pivot": [0, 35.95, 4.10833],
					"rotation": [5, 0, 0],
					"cubes": [
						{"origin": [-3.5, 31.25, 4.275], "size": [7, 5, 1], "uv": [84, 92]},
						{"origin": [1.5, 31.25, 3.675], "size": [3, 7, 1], "pivot": [3, 34.75, 4.175], "rotation": [0, 0, -7.5], "uv": [35, 78]},
						{"origin": [-4.5, 31.25, 3.675], "size": [3, 7, 1], "pivot": [-3, 34.75, 4.175], "rotation": [0, 0, 7.5], "uv": [50, 33]}
					]
				},
				{
					"name": "TouFa_Chang2",
					"parent": "TouFa_Chang",
					"pivot": [0, 31.375, 4.13333],
					"rotation": [-65, 0, 0],
					"cubes": [
						{"origin": [-3.525, 25.675, 4.3], "size": [7.05, 6, 1], "uv": [84, 92]},
						{"origin": [1.8, 26.675, 3.55], "size": [3.05, 5, 1], "pivot": [3, 30.375, 4.05], "rotation": [0, 0, 2.5], "uv": [35, 78]},
						{"origin": [-4.85, 26.675, 3.55], "size": [3.05, 5, 1], "pivot": [-3, 30.375, 4.05], "rotation": [0, 0, -2.5], "uv": [35, 78], "mirror": true}
					]
				},
				{
					"name": "MaWei_Right",
					"parent": "Hair",
					"pivot": [-5.6, 37.1, 3],
					"rotation": [-17.5, 0, 0]
				},
				{
					"name": "MaWei_A4",
					"parent": "MaWei_Right",
					"pivot": [-5.075, 38.125, 1.825],
					"rotation": [49.1895, -86.71375, -42.88388],
					"cubes": [
						{"origin": [-6.075, 32.3, 1.725], "size": [2, 6, 1], "uv": [11, 125], "mirror": true}
					]
				},
				{
					"name": "MaWei_A6",
					"parent": "MaWei_A4",
					"pivot": [-4.575, 33.25, 1.425],
					"rotation": [-21.88023, 23.39896, 40.93841],
					"cubes": [
						{"origin": [-5.575, 29.425, 1.325], "size": [2, 4, 1], "uv": [11, 125], "mirror": true},
						{"origin": [-4.575, 28.425, 1.325], "size": [1, 1, 1], "uv": [11, 125], "mirror": true},
						{"origin": [-3.23453, 29.36386, 1.1838], "size": [1, 4, 1], "pivot": [-3.33453, 31.01386, 1.7588], "rotation": [-31.25452, 73.21714, -25.44939], "uv": [11, 125], "mirror": true},
						{"origin": [-4.39659, 26.87544, 0.51903], "size": [1, 3, 1], "pivot": [-3.54659, 27.50044, 0.61903], "rotation": [16.83574, 75.6675, 11.39668], "uv": [19, 190], "mirror": true}
					]
				},
				{
					"name": "MaWei_A7",
					"parent": "MaWei_A6",
					"pivot": [-3.175, 27.575, 1.475],
					"rotation": [80.24841, -54.05383, -103.24591],
					"cubes": [
						{"origin": [-4.575, 25.625, 1.375], "size": [1, 2, 1], "pivot": [-3.725, 25.625, 1.875], "rotation": [0, 0, 12.5], "uv": [35, 190], "mirror": true},
						{"origin": [-4.47828, 23.93524, 1.3], "size": [1, 2, 1], "pivot": [-4.15328, 25.31024, 1.875], "rotation": [-14.94548, -1.29256, -6.33045], "uv": [39, 186], "mirror": true},
						{"origin": [-3.96717, 23.69575, 1.475], "size": [1, 4, 1], "pivot": [-3.67118, 24.3791, 1.975], "rotation": [0, 0, 8.25], "uv": [40, 190], "mirror": true},
						{"origin": [-4.87695, 22.53182, 1.5], "size": [1, 2, 1], "pivot": [-4.42695, 23.28182, 1.975], "rotation": [0, 0, 53.25], "uv": [11, 125], "mirror": true},
						{"origin": [-2.73317, 25.42995, 1.83704], "size": [1, 3, 1], "pivot": [-2.88541, 25.22182, 1.6237], "rotation": [-21.25452, 73.21714, -27.94939], "uv": [29, 190], "mirror": true},
						{"origin": [-2.82457, 23.26282, 1.31505], "size": [1, 3, 1], "pivot": [-2.88541, 25.22182, 1.6237], "rotation": [-25.66426, 75.6675, 8.89668], "uv": [24, 190], "mirror": true}
					]
				},
				{
					"name": "MaWei_A5",
					"parent": "MaWei_Right",
					"pivot": [-4.8, 37.975, 3.325],
					"rotation": [-0.20666, -55.20491, 3.08078],
					"cubes": [
						{"origin": [-5.8, 32.15, 3.225], "size": [2, 6, 1], "uv": [0, 65], "mirror": true}
					]
				},
				{
					"name": "MaWei_Left",
					"parent": "Hair",
					"pivot": [5.6, 37.1, 3],
					"rotation": [-17.5, 0, 0]
				},
				{
					"name": "MaWei_A2",
					"parent": "MaWei_Left",
					"pivot": [5.075, 38.125, 1.825],
					"rotation": [49.1895, 86.71375, 42.88388],
					"cubes": [
						{"origin": [4.075, 32.3, 1.725], "size": [2, 6, 1], "uv": [11, 125]}
					]
				},
				{
					"name": "MaWei_A3",
					"parent": "MaWei_A2",
					"pivot": [4.575, 33.25, 1.425],
					"rotation": [-19.08643, -23.25291, -40.41765],
					"cubes": [
						{"origin": [3.575, 29.425, 1.325], "size": [2, 4, 1], "uv": [11, 125]},
						{"origin": [3.575, 28.425, 1.325], "size": [1, 1, 1], "uv": [11, 125]},
						{"origin": [2.23453, 29.36386, 1.1838], "size": [1, 4, 1], "pivot": [3.33453, 31.01386, 1.7588], "rotation": [-31.25452, -73.21714, 25.44939], "uv": [11, 125]},
						{"origin": [3.39659, 26.87544, 0.51903], "size": [1, 3, 1], "pivot": [3.54659, 27.50044, 0.61903], "rotation": [16.83574, -75.6675, -11.39668], "uv": [19, 190]}
					]
				},
				{
					"name": "MaWei_A8",
					"parent": "MaWei_A3",
					"pivot": [3.175, 27.575, 1.475],
					"rotation": [105.91373, 51.22553, 140.6979],
					"cubes": [
						{"origin": [3.575, 25.625, 1.375], "size": [1, 2, 1], "pivot": [3.725, 25.625, 1.875], "rotation": [0, 0, -12.5], "uv": [35, 190]},
						{"origin": [3.47828, 23.93524, 1.3], "size": [1, 2, 1], "pivot": [4.15328, 25.31024, 1.875], "rotation": [-14.94548, 1.29256, 6.33045], "uv": [39, 186]},
						{"origin": [2.96717, 23.69575, 1.475], "size": [1, 4, 1], "pivot": [3.67118, 24.3791, 1.975], "rotation": [0, 0, -8.25], "uv": [40, 190]},
						{"origin": [3.87695, 22.53182, 1.5], "size": [1, 2, 1], "pivot": [4.42695, 23.28182, 1.975], "rotation": [0, 0, -53.25], "uv": [11, 125]},
						{"origin": [1.73317, 25.42995, 1.83704], "size": [1, 3, 1], "pivot": [2.88541, 25.22182, 1.6237], "rotation": [-21.25452, -73.21714, 27.94939], "uv": [29, 190]},
						{"origin": [1.82457, 23.26282, 1.31505], "size": [1, 3, 1], "pivot": [2.88541, 25.22182, 1.6237], "rotation": [-25.66426, -75.6675, -8.89668], "uv": [24, 190]}
					]
				},
				{
					"name": "MaWei_A9",
					"parent": "MaWei_Left",
					"pivot": [4.8, 37.975, 3.325],
					"rotation": [-0.20666, 55.20491, -3.08078],
					"cubes": [
						{"origin": [3.8, 32.15, 3.225], "size": [2, 6, 1], "uv": [0, 65]}
					]
				},
				{
					"name": "CeFaA",
					"parent": "Hair",
					"pivot": [3.6625, 37.6704, -2.47915],
					"rotation": [47.0052, -0.23954, -7.4885],
					"cubes": [
						{"origin": [3.15, 35.1704, -3.47915], "size": [1.025, 2, 1], "uv": [136, 86]},
						{"origin": [3.18633, 32.23846, -3.45415], "size": [1.025, 3, 1], "pivot": [4.0775, 35.3469, -2.64745], "rotation": [0, 0, 7.5], "uv": [133, 124]}
					]
				},
				{
					"name": "CeFaB",
					"parent": "CeFaA",
					"pivot": [4.04053, 38.64012, -1.98476],
					"rotation": [-20.02858, -0.61969, -9.83731],
					"cubes": [
						{"origin": [3.45303, 33.79473, -2.8806], "size": [1.025, 2, 2], "pivot": [3.95681, 34.09492, -2.1181], "rotation": [0, 0, 10], "uv": [131, 9]},
						{"origin": [3.44112, 32.89539, -1.8556], "size": [1.025, 1, 1], "pivot": [3.95681, 34.09492, -2.1181], "rotation": [0, 0, 12.5], "uv": [108, 124]},
						{"origin": [3.75535, 35.66594, -2.88522], "size": [1.025, 3, 2], "uv": [47, 130]},
						{"origin": [4.41756, 33.60155, -1.30341], "size": [1.025, 4, 1], "pivot": [4.26785, 35.66594, -0.38522], "rotation": [-17.5831, 0.47182, -4.97735], "uv": [83, 114]}
					]
				},
				{
					"name": "CeFaA2",
					"parent": "Hair",
					"pivot": [-3.7375, 37.7704, -2.82915],
					"rotation": [-6.72589, 0.45628, 9.98103],
					"cubes": [
						{"origin": [-4.25, 35.2704, -3.82915], "size": [1.025, 2, 1], "uv": [136, 86], "mirror": true},
						{"origin": [-4.28633, 32.33846, -3.80415], "size": [1.025, 3, 1], "pivot": [-4.1525, 35.4469, -2.99745], "rotation": [0, 0, -7.5], "uv": [133, 124], "mirror": true}
					]
				},
				{
					"name": "CeFaA4",
					"parent": "CeFaA2",
					"pivot": [-3.5875, 33.1204, -2.75415],
					"rotation": [-5.6033, 1.90686, -14.9342],
					"cubes": [
						{"origin": [-4.1, 30.6204, -3.75415], "size": [1.025, 2, 1], "pivot": [-3.50231, 30.43602, -3.24165], "rotation": [-0.05215, -0.56985, 2.94519], "uv": [136, 86], "mirror": true}
					]
				},
				{
					"name": "CeFaB2",
					"parent": "CeFaA2",
					"pivot": [-4.1125, 39.2704, -1.82915],
					"rotation": [-0.0831, -0.47182, 9.97735],
					"cubes": [
						{"origin": [-4.55, 34.425, -3.725], "size": [1.025, 2, 2], "pivot": [-4.02878, 34.72519, -2.9625], "rotation": [0, 0, -10], "uv": [131, 9], "mirror": true},
						{"origin": [-4.53809, 33.52567, -3.7], "size": [1.025, 1, 1], "pivot": [-4.02878, 34.72519, -2.9625], "rotation": [0, 0, -12.5], "uv": [108, 124], "mirror": true},
						{"origin": [-4.85232, 36.29621, -3.72961], "size": [1.025, 3, 2], "uv": [47, 130], "mirror": true}
					]
				},
				{
					"name": "Coat",
					"parent": "UpperBody",
					"pivot": [0, 29.825, 1.85],
					"cubes": [
						{"origin": [-2, 25.445, 3.795], "size": [4, 6, 1], "pivot": [0, 28.045, 3.945], "rotation": [-2.5, 0, 0], "uv": [99, 116]},
						{"origin": [-1.175, 29.1133, 3.47075], "size": [3, 3, 6], "pivot": [0, 30.6133, 6.47075], "rotation": [90, -62.5, -90], "uv": [142, 14], "mirror": true},
						{"origin": [-3.7, 32.77467, 2.3853], "size": [7.3, 0, 1], "pivot": [0.5, 30.77467, 3.3353], "rotation": [-65, 0, 0], "uv": [14, 31]},
						{"origin": [-2.7, 32.27467, 2.8853], "size": [5.3, 1, 1], "pivot": [0.5, 31.27467, 3.3353], "rotation": [-65, 0, 0], "uv": [121, 40]},
						{"origin": [-2.15, 30.27467, 2.8853], "size": [4.3, 2, 1], "pivot": [0.05, 31.27467, 3.3353], "rotation": [-65, 0, 0], "uv": [60, 127]}
					]
				},
				{
					"name": "Left_DaYiBai",
					"parent": "Coat",
					"pivot": [7.25122, 23.51878, 0.21857],
					"rotation": [-10.67086, -57.45949, 0.80684],
					"cubes": [
						{"origin": [5.62405, 30.76455, -3.10358], "size": [3, 3, 6], "pivot": [6.63869, 32.23248, -0.13653], "rotation": [50.30407, 27.19949, 65.26335], "uv": [142, 14]},
						{"origin": [9.95191, 29.56467, 1.49098], "size": [3, 3, 6], "pivot": [11.37069, 32.8383, 2.64575], "rotation": [-6.41979, 4.85362, 68.02083], "uv": [142, 14]},
						{"origin": [4.24455, 31.80638, 0.93845], "size": [4, 1, 5], "pivot": [6.18908, 32.68527, 1.37593], "rotation": [0.22149, 14.34184, -21.84767], "uv": [81, 37]},
						{"origin": [6.42216, 27.68906, 1.81621], "size": [1, 5, 5], "uv": [96, 9]}
					]
				},
				{
					"name": "Left_Jian",
					"parent": "Left_DaYiBai",
					"pivot": [5.84409, 27.96124, -0.55352],
					"rotation": [-11.72512, 0.40022, -2.65894],
					"cubes": [
						{"origin": [8.42237, 27.76738, 0.27479], "size": [1, 4, 3], "pivot": [5.84409, 27.96124, -0.55352], "rotation": [4.76633, -33.62237, -8.92291], "uv": [98.1, 162.6]},
						{"origin": [8.51232, 22.93727, -0.14702], "size": [1, 6, 3], "pivot": [5.84409, 27.96124, -0.55352], "rotation": [-6.49397, -35.15538, -6.76574], "uv": [97.1, 155.6]},
						{"origin": [3.50038, 29.7124, -0.7934], "size": [3.3, 2, 1], "pivot": [5.84409, 27.96124, -0.55352], "rotation": [10.79918, -16.04279, -22.04039], "uv": [32, 95]},
						{"origin": [3.48552, 27.72403, -0.72081], "size": [2.3, 2, 1], "pivot": [5.84409, 27.96124, -0.55352], "rotation": [10.79918, -16.04279, -22.04039], "uv": [50, 89]},
						{"origin": [5.42237, 27.76738, -0.72521], "size": [4, 4, 1], "pivot": [5.84409, 27.96124, -0.55352], "rotation": [4.76633, -33.62237, -8.92291], "uv": [71, 122]}
					]
				},
				{
					"name": "Left_XiuZi",
					"parent": "Left_Jian",
					"pivot": [7.44742, 29.15058, -0.5257],
					"rotation": [13.55704, -41.86529, -13.26046],
					"cubes": [
						{"origin": [7.06014, 22.81915, -2.01956], "size": [3.25, 8.2, 3.2], "pivot": [8.68514, 29.91915, -1.51956], "rotation": [-7.5, -35, -7.5], "uv": [71, 89]},
						{"origin": [6.49482, 27.52624, -2.45018], "size": [3.45, 1, 3.6], "pivot": [8.21982, 29.32624, -0.75018], "rotation": [-12.5, -35, -7.5], "uv": [120, 82]}
					]
				},
				{
					"name": "bone4",
					"parent": "Left_XiuZi",
					"pivot": [8.44742, 22.15058, -1.5257],
					"rotation": [-4.98788, -0.34834, -3.98483],
					"cubes": [
						{"origin": [9.33985, 15.59301, -4.57121], "size": [3.2, 8, 3.2], "pivot": [10.73985, 18.29301, -2.73371], "rotation": [-20, -35, -7.5], "uv": [54, 91]}
					]
				},
				{
					"name": "bone5",
					"parent": "bone4",
					"pivot": [11.6478, 16.76513, -2.91755],
					"cubes": [
						{"origin": [9.69738, 15.02963, -4.89891], "size": [4, 3, 4], "pivot": [11.6986, 16.7885, -2.9917], "rotation": [-12.5, -35, -7.5], "uv": [89, 77]},
						{"origin": [8.80118, 16.59596, -5.90735], "size": [2, 2, 4], "pivot": [9.80118, 17.39596, -3.90735], "rotation": [11.22067, -35.38101, -47.5446], "uv": [54, 155]},
						{"origin": [12.03263, 17.07993, -3.71342], "size": [2, 2, 4], "pivot": [12.90763, 17.80493, -1.71342], "rotation": [-30.6669, -21.60175, 29.53347], "uv": [54, 155]},
						{"origin": [8.06098, 16.22638, -2.17795], "size": [4.2, 2, 2], "pivot": [10.16098, 17.25138, -0.90295], "rotation": [37.5, -35, -7.5], "uv": [40, 160]},
						{"origin": [11.2272, 18.21552, -6.38957], "size": [4.2, 2, 2], "pivot": [13.3272, 17.94052, -5.51457], "rotation": [-67.5, -35, -7.5], "uv": [26, 164]}
					]
				},
				{
					"name": "bone10",
					"parent": "Left_DaYiBai",
					"pivot": [7.25122, 27.51878, 5.2186],
					"cubes": [
						{"origin": [7.22216, 23.78906, 1.31621], "size": [1, 4, 5.2], "pivot": [7.07216, 24.73906, 3.68621], "rotation": [0, 0, -11], "uv": [62, 98]}
					]
				},
				{
					"name": "bone11",
					"parent": "bone10",
					"pivot": [8.0333, 23.794, 5.2547],
					"cubes": [
						{"origin": [7.02216, 21.78906, 0.29121], "size": [1, 2, 8], "pivot": [7.07216, 24.73906, 3.68621], "rotation": [0, 0, -17], "uv": [0, 65]},
						{"origin": [7.02216, 18.78906, 0.21621], "size": [1, 3, 8], "pivot": [7.07216, 24.73906, 3.68621], "rotation": [0, 0, -17], "uv": [48, 63]}
					]
				},
				{
					"name": "bone12",
					"parent": "bone11",
					"pivot": [9.0333, 18.794, 5.2547],
					"cubes": [
						{"origin": [7.02216, 13.78906, -0.15879], "size": [1, 5, 9], "pivot": [7.07216, 24.73906, 3.68621], "rotation": [0, 0, -17], "uv": [14, 56]},
						{"origin": [10.84214, 12.72503, -1.09526], "size": [1, 2, 10], "pivot": [11.34214, 13.55003, 4.87974], "rotation": [10, 0, -17], "uv": [60, 162]},
						{"origin": [10.74214, 17.72503, -0.39526], "size": [1, 2, 10], "pivot": [11.34214, 13.55003, 4.87974], "rotation": [10, 0, -17], "uv": [60, 162]},
						{"origin": [9.3, 17.61382, 5.47123], "size": [1, 2.5, 1.25], "pivot": [9.8, 19.08882, 6.09623], "rotation": [13.64973, 6.27967, -24.24769], "uv": [2, 206]},
						{"origin": [9.81056, 17.00839, 1.34559], "size": [1, 2.5, 1.25], "pivot": [10.31056, 18.25839, 1.97059], "rotation": [8.89973, 6.27967, -24.24769], "uv": [2, 206]},
						{"origin": [11.59033, 12.42579, 1.33166], "size": [1, 2.5, 1.25], "pivot": [11.80283, 13.72512, 4.0598], "rotation": [8.89973, 6.27967, -16.49769], "uv": [2, 206]},
						{"origin": [11.2869, 12.14619, -2.27551], "size": [1, 2.5, 1.25], "pivot": [11.7869, 12.69619, -1.05051], "rotation": [-16.10027, 6.27967, -16.49769], "uv": [2, 206]},
						{"origin": [11.3119, 11.97119, -1.17551], "size": [1, 2.5, 1.25], "pivot": [11.7869, 12.69619, -1.05051], "rotation": [-138.60027, 6.27967, -16.49769], "uv": [2, 206]},
						{"origin": [9.64855, 17.1018, -1.49676], "size": [1, 2.5, 1.25], "pivot": [10.13605, 17.64823, -1.25575], "rotation": [-145.80843, 4.106, -17.15106], "uv": [2, 206]},
						{"origin": [9.62355, 17.10012, -2.26782], "size": [1, 2.5, 1.25], "pivot": [10.13605, 17.64823, -1.25575], "rotation": [-23.30843, 4.106, -17.15106], "uv": [2, 206]},
						{"origin": [11.01533, 12.35012, 6.5348], "size": [1, 2.5, 1.25], "pivot": [11.80283, 13.72512, 4.0598], "rotation": [13.64973, 6.27967, -16.49769], "uv": [2, 206]}
					]
				},
				{
					"name": "bone13",
					"parent": "bone12",
					"pivot": [11.0333, 13.794, 4.2547],
					"cubes": [
						{"origin": [7.02216, 6.78906, -0.15879], "size": [1, 7, 10], "pivot": [7.07216, 24.73906, 3.68621], "rotation": [0, 0, -17], "uv": [9, 33]}
					]
				},
				{
					"name": "Right_DaYiBai",
					"parent": "Coat",
					"pivot": [-7.23523, 23.86853, 0.19978],
					"rotation": [-10.67086, 57.45949, -0.80684],
					"cubes": [
						{"origin": [-8.25565, 31.81129, 0.97698], "size": [4, 1, 5], "pivot": [-6.20018, 32.69018, 1.41446], "rotation": [0.22149, -14.34184, 21.84767], "uv": [81, 37], "mirror": true},
						{"origin": [-8.62405, 30.76455, -3.10358], "size": [3, 3, 6], "pivot": [-6.63869, 32.23248, -0.13653], "rotation": [50.30407, -27.19949, -65.26335], "uv": [142, 14], "mirror": true},
						{"origin": [-12.95191, 29.56467, 1.49098], "size": [3, 3, 6], "pivot": [-11.37069, 32.8383, 2.64575], "rotation": [-6.41979, -4.85362, -68.02083], "uv": [142, 14], "mirror": true},
						{"origin": [-7.43326, 27.69397, 1.85474], "size": [1, 5, 5], "uv": [96, 9], "mirror": true}
					]
				},
				{
					"name": "Right_Jian",
					"parent": "Right_DaYiBai",
					"pivot": [-5.84409, 27.96124, -0.55352],
					"rotation": [-11.72512, -0.40022, 2.65894],
					"cubes": [
						{"origin": [-9.42237, 27.76738, 0.27479], "size": [1, 4, 3], "pivot": [-5.84409, 27.96124, -0.55352], "rotation": [4.76633, 33.62237, 8.92291], "uv": [98.1, 162.6], "mirror": true},
						{"origin": [-9.51232, 22.93727, -0.14702], "size": [1, 6, 3], "pivot": [-5.84409, 27.96124, -0.55352], "rotation": [-6.49397, 35.15538, 6.76574], "uv": [97.1, 155.6], "mirror": true},
						{"origin": [-6.80038, 29.7124, -0.7934], "size": [3.3, 2, 1], "pivot": [-5.84409, 27.96124, -0.55352], "rotation": [10.79918, 16.04279, 22.04039], "uv": [32, 95], "mirror": true},
						{"origin": [-5.78552, 27.72403, -0.72081], "size": [2.3, 2, 1], "pivot": [-5.84409, 27.96124, -0.55352], "rotation": [10.79918, 16.04279, 22.04039], "uv": [50, 89], "mirror": true},
						{"origin": [-9.42237, 27.76738, -0.72521], "size": [4, 4, 1], "pivot": [-5.84409, 27.96124, -0.55352], "rotation": [4.76633, 33.62237, 8.92291], "uv": [71, 122], "mirror": true}
					]
				},
				{
					"name": "Right_XiuZi",
					"parent": "Right_Jian",
					"pivot": [-7.44742, 29.15058, -0.5257],
					"rotation": [13.55704, 41.86529, 13.26046],
					"cubes": [
						{"origin": [-10.31014, 22.81915, -2.01956], "size": [3.25, 8.2, 3.2], "pivot": [-8.68514, 29.91915, -1.51956], "rotation": [-7.5, 35, 7.5], "uv": [71, 89], "mirror": true},
						{"origin": [-9.94482, 27.52624, -2.45018], "size": [3.45, 1, 3.6], "pivot": [-8.21982, 29.32624, -0.75018], "rotation": [-12.5, 35, 7.5], "uv": [120, 82], "mirror": true}
					]
				},
				{
					"name": "bone2",
					"parent": "Right_XiuZi",
					"pivot": [-8.44742, 22.15058, -1.5257],
					"rotation": [-4.98788, 0.34834, 3.98483],
					"cubes": [
						{"origin": [-12.53985, 15.59301, -4.57121], "size": [3.2, 8, 3.2], "pivot": [-10.73985, 18.29301, -2.73371], "rotation": [-20, 35, 7.5], "uv": [54, 91], "mirror": true}
					]
				},
				{
					"name": "bone3",
					"parent": "bone2",
					"pivot": [-11.6478, 16.76513, -2.91755],
					"cubes": [
						{"origin": [-13.69738, 15.02963, -4.89891], "size": [4, 3, 4], "pivot": [-11.6986, 16.7885, -2.9917], "rotation": [-12.5, 35, 7.5], "uv": [89, 77], "mirror": true},
						{"origin": [-10.80118, 16.59596, -5.90735], "size": [2, 2, 4], "pivot": [-9.80118, 17.39596, -3.90735], "rotation": [11.22067, 35.38101, 47.5446], "uv": [54, 155], "mirror": true},
						{"origin": [-14.03263, 17.07993, -3.71342], "size": [2, 2, 4], "pivot": [-12.90763, 17.80493, -1.71342], "rotation": [-30.6669, 21.60175, -29.53347], "uv": [54, 155], "mirror": true},
						{"origin": [-12.26098, 16.22638, -2.17795], "size": [4.2, 2, 2], "pivot": [-10.16098, 17.25138, -0.90295], "rotation": [37.5, 35, 7.5], "uv": [40, 160], "mirror": true},
						{"origin": [-15.4272, 18.21552, -6.38957], "size": [4.2, 2, 2], "pivot": [-13.3272, 17.94052, -5.51457], "rotation": [-67.5, 35, 7.5], "uv": [26, 164], "mirror": true}
					]
				},
				{
					"name": "bone6",
					"parent": "Right_DaYiBai",
					"pivot": [-7.23523, 27.86853, 5.19978],
					"cubes": [
						{"origin": [-8.23326, 23.79397, 1.35474], "size": [1, 4, 5.2], "pivot": [-7.08326, 24.74397, 3.72474], "rotation": [0, 0, 11], "uv": [62, 98], "mirror": true}
					]
				},
				{
					"name": "bone7",
					"parent": "bone6",
					"pivot": [-7.23523, 23.86853, 5.19978],
					"cubes": [
						{"origin": [-8.03326, 18.79397, 0.25474], "size": [1, 3, 8], "pivot": [-7.08326, 24.74397, 3.72474], "rotation": [0, 0, 17], "uv": [48, 63], "mirror": true},
						{"origin": [-8.03326, 21.79397, 0.32974], "size": [1, 2, 8], "pivot": [-7.08326, 24.74397, 3.72474], "rotation": [0, 0, 17], "uv": [0, 65], "mirror": true}
					]
				},
				{
					"name": "bone8",
					"parent": "bone7",
					"pivot": [-8.7, 18.86853, 5.19978],
					"cubes": [
						{"origin": [-8.03326, 13.79397, -0.12026], "size": [1, 5, 9], "pivot": [-7.08326, 24.74397, 3.72474], "rotation": [0, 0, 17], "uv": [14, 56], "mirror": true}
					]
				},
				{
					"name": "bone9",
					"parent": "bone8",
					"pivot": [-11.2, 14.35, 4.19978],
					"cubes": [
						{"origin": [-8.03326, 6.79397, -0.12026], "size": [1, 7, 10], "pivot": [-7.08326, 24.74397, 3.72474], "rotation": [0, 0, 17], "uv": [9, 33], "mirror": true},
						{"origin": [-11.84214, 12.72503, -1.09526], "size": [1, 2, 10], "pivot": [-11.34214, 13.55003, 4.87974], "rotation": [10, 0, 17], "uv": [60, 162], "mirror": true},
						{"origin": [-10.81056, 17.00839, 1.34559], "size": [1, 2.5, 1.25], "pivot": [-10.31056, 18.25839, 1.97059], "rotation": [8.89973, -6.27967, 24.24769], "uv": [2, 206], "mirror": true},
						{"origin": [-10.3, 17.61382, 5.47123], "size": [1, 2.5, 1.25], "pivot": [-9.8, 19.08882, 6.09623], "rotation": [13.64973, -6.27967, 24.24769], "uv": [2, 206], "mirror": true},
						{"origin": [-12.01533, 12.35012, 6.5348], "size": [1, 2.5, 1.25], "pivot": [-11.80283, 13.72512, 4.0598], "rotation": [13.64973, -6.27967, 16.49769], "uv": [2, 206], "mirror": true},
						{"origin": [-12.59033, 12.42579, 1.33166], "size": [1, 2.5, 1.25], "pivot": [-11.80283, 13.72512, 4.0598], "rotation": [8.89973, -6.27967, 16.49769], "uv": [2, 206], "mirror": true},
						{"origin": [-12.3119, 11.97119, -1.17551], "size": [1, 2.5, 1.25], "pivot": [-11.7869, 12.69619, -1.05051], "rotation": [-138.60027, -6.27967, 16.49769], "uv": [2, 206], "mirror": true},
						{"origin": [-12.2869, 12.14619, -2.27551], "size": [1, 2.5, 1.25], "pivot": [-11.7869, 12.69619, -1.05051], "rotation": [-16.10027, -6.27967, 16.49769], "uv": [2, 206], "mirror": true},
						{"origin": [-10.62355, 17.10012, -2.26782], "size": [1, 2.5, 1.25], "pivot": [-10.13605, 17.64823, -1.25575], "rotation": [-20.91112, -4.83944, 16.96407], "uv": [2, 206], "mirror": true},
						{"origin": [-10.64855, 17.1018, -1.49676], "size": [1, 2.5, 1.25], "pivot": [-10.13605, 17.64823, -1.25575], "rotation": [-143.41112, -4.83944, 16.96407], "uv": [2, 206], "mirror": true},
						{"origin": [-11.74214, 17.72503, -0.39526], "size": [1, 2, 10], "pivot": [-11.34214, 13.55003, 4.87974], "rotation": [10, 0, 17], "uv": [60, 162], "mirror": true}
					]
				},
				{
					"name": "bone14",
					"parent": "Coat",
					"pivot": [0, 25.825, 4.7],
					"cubes": [
						{"origin": [-2.5, 21.73588, 4.69042], "size": [5, 4, 1], "pivot": [-2, 21.30066, 5.11754], "rotation": [12.5, 0, 0], "uv": [110, 118]}
					]
				},
				{
					"name": "bone15",
					"parent": "bone14",
					"pivot": [0, 21.825, 5.6],
					"cubes": [
						{"origin": [-2.5, 17.73588, 4.69042], "size": [5, 4, 1], "pivot": [-2, 21.30066, 5.11754], "rotation": [15, 0, 0], "uv": [118, 55]}
					]
				},
				{
					"name": "bone16",
					"parent": "bone15",
					"pivot": [0, 17.85, 6.6],
					"cubes": [
						{"origin": [-3.5, 13.73588, 4.69042], "size": [7, 4, 1], "pivot": [-2, 21.30066, 5.11754], "rotation": [15, 0, 0], "uv": [31, 0]},
						{"origin": [-3.6, 16.76088, 4.86542], "size": [7.3, 2, 1], "pivot": [-2, 21.30066, 5.11754], "rotation": [15, 0, 0], "uv": [2, 198]},
						{"origin": [-4.6, 11.98588, 4.86542], "size": [9.3, 2, 1], "pivot": [-2, 21.30066, 5.11754], "rotation": [15, 0, 0], "uv": [1, 202]}
					]
				},
				{
					"name": "bone19",
					"parent": "bone16",
					"pivot": [0, 14.1, 7.6],
					"cubes": [
						{"origin": [-4.5, 10.21473, 7.2723], "size": [9, 4, 1], "pivot": [-2, 11.11473, 7.9223], "rotation": [10, 0, 0], "uv": [70, 69]}
					]
				},
				{
					"name": "bone20",
					"parent": "bone19",
					"pivot": [0, 10.1, 8.4],
					"cubes": [
						{"origin": [-5.5, 6.24033, 7.78999], "size": [11, 4, 1], "pivot": [-2, 7.74033, 8.36499], "rotation": [7.5, 0, 0], "uv": [58, 49]}
					]
				},
				{
					"name": "BenTi_FuJian",
					"parent": "UpperBody",
					"pivot": [0.5, 12.1, 0.375]
				},
				{
					"name": "LingJie",
					"parent": "BenTi_FuJian",
					"pivot": [-0.02587, 29.22095, -2.66255],
					"rotation": [-55, 0, 0],
					"cubes": [
						{"origin": [-0.01914, 30.0015, -3.7875], "size": [2, 1, 1], "pivot": [1.20586, 30.7765, -2.8125], "rotation": [21.7428, 7.35193, -8.40786], "uv": [213, 120]},
						{"origin": [-1.98086, 30.0015, -3.7875], "size": [2, 1, 1], "pivot": [-1.20586, 30.7765, -2.8125], "rotation": [21.7428, -7.35193, 8.40786], "uv": [213, 120], "mirror": true},
						{"origin": [-0.5, 29.60132, -3.4125], "size": [1, 1, 1], "pivot": [0.55, 28.65132, -2.7125], "rotation": [10, 0, 0], "uv": [222, 106]},
						{"origin": [-1.47167, 28.59129, -3.2875], "size": [3, 1, 1], "pivot": [-0.07167, 28.79129, -2.7875], "rotation": [0, 0, 75], "uv": [214, 114]},
						{"origin": [-1.72833, 28.54129, -3.2625], "size": [3, 1, 1], "pivot": [-0.12833, 28.74129, -2.7625], "rotation": [0, 0, -75], "uv": [212, 111], "mirror": true}
					]
				},
				{
					"name": "BackpackLocator",
					"parent": "UpperBody",
					"pivot": [0, 28.9644, 0]
				},
				{
					"name": "LeftWaistLocator",
					"parent": "UpperBody",
					"pivot": [4, 23.9644, 0],
					"rotation": [-20, 0, 0]
				},
				{
					"name": "RightWaistLocator",
					"parent": "UpperBody",
					"pivot": [-4, 23.9644, 0],
					"rotation": [-5, 0, 0]
				},
				{
					"name": "DownBody",
					"parent": "AllBody",
					"pivot": [0, 19.8, 0]
				},
				{
					"name": "Leg",
					"parent": "DownBody",
					"pivot": [0, 19.8, 0]
				},
				{
					"name": "RIghtLeg",
					"parent": "Leg",
					"pivot": [-2.4, 19.35, -1],
					"cubes": [
						{"origin": [-3.775, 11.1, -2], "size": [3.4, 9, 4], "uv": [74, 75], "mirror": true},
						{"origin": [-3.7, 10.15, -1.325], "size": [3.175, 2, 2], "pivot": [-0.4, 11.15, -0.325], "rotation": [30, 0, 0], "uv": [38, 127], "mirror": true}
					]
				},
				{
					"name": "RightLowerLeg",
					"parent": "RIghtLeg",
					"pivot": [-2.2, 11.65, 0.2],
					"cubes": [
						{"origin": [-3.75, 2.95, -1.9], "size": [3.35, 9, 4], "uv": [44, 75], "mirror": true},
						{"origin": [-2.65, 4.05, 1.25], "size": [1.175, 2.3, 1], "uv": [32, 186], "mirror": true},
						{"origin": [-3.85, 5.65, -2.125], "size": [3.525, 1, 4.4], "uv": [2, 191], "mirror": true}
					]
				},
				{
					"name": "RightFoot",
					"parent": "RightLowerLeg",
					"pivot": [-2.1875, 2.95, 1.1375],
					"cubes": [
						{"origin": [-3.85, 0.625, -3.875], "size": [3.575, 3, 6.075], "pivot": [0, 2.125, -0.8375], "rotation": [11.75, 0, 0], "uv": [13, 71], "mirror": true},
						{"origin": [-3.8, -0.05, -4.1], "size": [3.475, 2, 3.075], "uv": [35, 180], "mirror": true},
						{"origin": [-3.8, -0.05, 0.4], "size": [3.475, 3.3, 2.075], "uv": [23, 181], "mirror": true},
						{"origin": [-3.825, 3, 1.35], "size": [3.525, 1.1, 1.075], "pivot": [0, 3.45, 1.3875], "rotation": [11.25, 0, 0], "uv": [22, 187], "mirror": true},
						{"origin": [-3.7, 2.55, -3.1], "size": [3.275, 1, 2.075], "pivot": [-2.6875, 3.05, -2.5125], "rotation": [35, 0, 0], "uv": [128, 61], "mirror": true}
					]
				},
				{
					"name": "LeftLeg",
					"parent": "Leg",
					"pivot": [2.4, 19.35, -1],
					"cubes": [
						{"origin": [0.375, 11.1, -2], "size": [3.4, 9, 4], "uv": [74, 75]},
						{"origin": [0.5, 10.15, -1.325], "size": [3.175, 2, 2], "pivot": [-0.4, 11.15, -0.325], "rotation": [30, 0, 0], "uv": [38, 127]}
					]
				},
				{
					"name": "LeftLowerLeg",
					"parent": "LeftLeg",
					"pivot": [2.2, 11.65, 0.2],
					"cubes": [
						{"origin": [0.4, 2.95, -1.9], "size": [3.35, 9, 4], "uv": [44, 75]}
					]
				},
				{
					"name": "LeftFoot",
					"parent": "LeftLowerLeg",
					"pivot": [2.1875, 2.95, 1.1375],
					"cubes": [
						{"origin": [0.275, 0.625, -3.875], "size": [3.575, 3, 6.075], "pivot": [0, 2.125, -0.8375], "rotation": [11.75, 0, 0], "uv": [13, 71]},
						{"origin": [0.325, -0.05, -4.1], "size": [3.475, 2, 3.075], "uv": [35, 180]},
						{"origin": [0.325, -0.05, 0.4], "size": [3.475, 3.3, 2.075], "uv": [23, 181]},
						{"origin": [1.475, 4.05, 1.25], "size": [1.175, 2.3, 1], "uv": [32, 186]},
						{"origin": [0.325, 5.65, -2.125], "size": [3.525, 1, 4.4], "uv": [2, 191]},
						{"origin": [0.3, 3, 1.35], "size": [3.525, 1.1, 1.075], "pivot": [0, 3.45, 1.3875], "rotation": [11.25, 0, 0], "uv": [22, 187]},
						{"origin": [0.425, 2.55, -3.1], "size": [3.275, 1, 2.075], "pivot": [2.6875, 3.05, -2.5125], "rotation": [35, 0, 0], "uv": [128, 61]}
					]
				},
				{
					"name": "Skirt",
					"parent": "DownBody",
					"pivot": [0, 21.1, 0]
				},
				{
					"name": "Left_Qun",
					"parent": "Skirt",
					"pivot": [3, 20.45, 0],
					"rotation": [0, 0, -10],
					"cubes": [
						{"origin": [3, 15.45, -2.125], "size": [1, 6, 4.2], "uv": [2, 179]},
						{"origin": [1.9397, 15.51721, -2.675], "size": [2, 6, 1], "pivot": [3.8397, 18.56721, -1.775], "rotation": [-8.56789, -10.47413, 0.74071], "uv": [14, 180]},
						{"origin": [1.9397, 15.51721, 1.65], "size": [2, 6, 1], "pivot": [3.8397, 18.56721, 1.775], "rotation": [8.56789, 10.47413, 0.74071], "uv": [14, 180]}
					]
				},
				{
					"name": "Right_Qun",
					"parent": "Skirt",
					"pivot": [-3, 20.45, 0],
					"rotation": [0, 0, 10],
					"cubes": [
						{"origin": [-4, 15.45, -2.125], "size": [1, 6, 4.2], "uv": [2, 179], "mirror": true},
						{"origin": [-3.9397, 15.51721, -2.675], "size": [2, 6, 1], "pivot": [-3.8397, 18.56721, -1.775], "rotation": [-8.56789, 10.47413, -0.74071], "uv": [14, 180], "mirror": true},
						{"origin": [-3.9397, 15.51721, 1.65], "size": [2, 6, 1], "pivot": [-3.8397, 18.56721, 1.775], "rotation": [8.56789, -10.47413, -0.74071], "uv": [14, 180], "mirror": true}
					]
				},
				{
					"name": "ahead_Qun",
					"parent": "Skirt",
					"pivot": [0, 21.025, -2],
					"rotation": [-9.25, 0, 0],
					"cubes": [
						{"origin": [-1.8, 15.325, -2.5], "size": [3.6, 6, 1], "uv": [61, 164]}
					]
				},
				{
					"name": "ahead_Qun2",
					"parent": "Skirt",
					"pivot": [0, 21.025, 2],
					"rotation": [9.25, 0, 0],
					"cubes": [
						{"origin": [-1.8, 15.325, 1.5], "size": [3.6, 6, 1], "uv": [61, 164]}
					]
				}
			]
		}
	]
}