{
	"format_version": "1.12.0",
	"minecraft:geometry": [
		{
			"description": {
				"identifier": "geometry.unknown",
				"texture_width": 256,
				"texture_height": 256,
				"visible_bounds_width": 3,
				"visible_bounds_height": 4.5,
				"visible_bounds_offset": [0, 1.75, 0]
			},
			"bones": [
				{
					"name": "Root",
					"pivot": [0, -0.2, 0]
				},
				{
					"name": "AllBody",
					"parent": "Root",
					"pivot": [0, -0.2, 0]
				},
				{
					"name": "UpBody",
					"parent": "AllBody",
					"pivot": [0, 19.8, 0]
				},
				{
					"name": "UpperBody",
					"parent": "UpBody",
					"pivot": [0, 23.8, -0.35],
					"cubes": [
						{"origin": [-3.5, 24.33028, -3.47116], "size": [7, 4, 4.075], "pivot": [0, 26.05528, -1.20866], "rotation": [-38, 0, 0], "uv": [52, 17]},
						{"origin": [-2.7, 24.23028, -3.57116], "size": [1, 4, 4.075], "pivot": [0, 26.05528, -1.20866], "rotation": [-38, 0, 0], "uv": [120, 10]},
						{"origin": [1.7, 24.23028, -3.57116], "size": [1, 4, 4.075], "pivot": [0, 26.05528, -1.20866], "rotation": [-38, 0, 0], "uv": [120, 10], "mirror": true},
						{"origin": [-1.625, 24.28028, -3.09616], "size": [0.8, 0.9, 0.8], "pivot": [0, 26.05528, -1.20866], "rotation": [-38, 0, 0], "uv": [47, 78]},
						{"origin": [0.825, 24.28028, -3.09616], "size": [0.8, 0.9, 0.8], "pivot": [0, 26.05528, -1.20866], "rotation": [-38, 0, 0], "uv": [47, 78], "mirror": true},
						{"origin": [0.825, 25.33028, -3.52116], "size": [0.8, 0.8, 1], "pivot": [0, 26.05528, -1.20866], "rotation": [-38, 0, 0], "uv": [47, 81], "mirror": true},
						{"origin": [-1.625, 25.33028, -3.52116], "size": [0.8, 0.8, 1], "pivot": [0, 26.05528, -1.20866], "rotation": [-38, 0, 0], "uv": [47, 81]},
						{"origin": [-3.525, 17.9, -2.15], "size": [7.05, 12, 4.025], "uv": [62, 0]},
						{"origin": [-2.275, 19.5, -2.25], "size": [4.55, 7.4, 1], "pivot": [0, 23.4, -1.75], "rotation": [0, 0, 5], "uv": [108, 32]},
						{"origin": [-2.275, 19.5, -2.275], "size": [4.55, 7.4, 1], "uv": [108, 32]},
						{"origin": [-2.275, 19.5, -2.2], "size": [4.55, 7.4, 1], "pivot": [0, 23.4, -1.75], "rotation": [0, 0, -5], "uv": [108, 32], "mirror": true},
						{"origin": [-2.525, 28.25, -2.3], "size": [5.05, 2, 4.375], "uv": [109, 2]},
						{"origin": [-0.425, 23.625, -2.4], "size": [1.45, 1.2, 1.1], "uv": [84, 0]},
						{"origin": [-1.225, 23.625, -2.4], "size": [0.55, 1.2, 1.1], "uv": [82, 0]},
						{"origin": [-3.625, 23.725, -2.3], "size": [7.25, 1, 4.275], "uv": [85, 0]}
					]
				},
				{
					"name": "LingJie",
					"parent": "UpperBody",
					"pivot": [-0.02587, 29.22095, -2.66255],
					"rotation": [-55, 0, 0],
					"cubes": [
						{"origin": [0.12432, 28.84788, -2.26257], "size": [2, 1, 1], "pivot": [0, 28.74155, -1.96638], "rotation": [46.88102, 10.21026, -4.50779], "uv": [121, 63]},
						{"origin": [-2.12432, 28.84788, -2.26257], "size": [2, 1, 1], "pivot": [0, 28.74155, -1.96638], "rotation": [46.88102, -10.21026, 4.50779], "uv": [121, 63], "mirror": true},
						{"origin": [-0.5, 28.79972, -2.59122], "size": [1, 1, 1], "pivot": [0, 28.74155, -1.96638], "rotation": [35, 0, 0], "uv": [130, 49]},
						{"origin": [-0.718, 28.28462, -2.3125], "size": [3, 1, 1], "pivot": [0, 28.74155, -1.96638], "rotation": [6.8817, -24.09293, 73.52973], "uv": [122, 57]},
						{"origin": [-2.38206, 28.46486, -2.2875], "size": [3, 1, 1], "pivot": [0, 28.74155, -1.96638], "rotation": [6.8817, 24.09293, -73.52973], "uv": [120, 54], "mirror": true}
					]
				},
				{
					"name": "skirt_1",
					"parent": "UpperBody",
					"pivot": [0, 12.2, -0.525]
				},
				{
					"name": "QZ11",
					"parent": "skirt_1",
					"pivot": [0, 28.2, -3.025],
					"rotation": [-25, 0, 0],
					"cubes": [
						{"origin": [-3.525, 15.85585, 0.43333], "size": [7.05, 6, 1], "uv": [55, 65]},
						{"origin": [-3.5, 16.35585, 0.93333], "size": [7, 5, 1], "uv": [0, 85]}
					]
				},
				{
					"name": "QZ12",
					"parent": "skirt_1",
					"pivot": [0, 28.2, 2.875],
					"rotation": [25, 0, 0],
					"cubes": [
						{"origin": [-3.525, 15.85585, -1.58333], "size": [7.05, 6, 1], "uv": [55, 65]},
						{"origin": [-3.5, 16.35585, -2.08333], "size": [7, 5, 1], "uv": [0, 85]}
					]
				},
				{
					"name": "QZ10",
					"parent": "skirt_1",
					"pivot": [0, 28.2, 2.975],
					"rotation": [-25, 180, 0],
					"cubes": [
						{"origin": [-3.5, 16.35585, 6.93333], "size": [1, 5, 1], "uv": [67, 168], "mirror": true},
						{"origin": [2.5, 16.35585, 6.93333], "size": [1, 5, 1], "uv": [67, 168]}
					]
				},
				{
					"name": "QZ9",
					"parent": "skirt_1",
					"pivot": [-4, 28.2, -0.525],
					"rotation": [0, 0, 25],
					"cubes": [
						{"origin": [-0.65496, 15.90302, -2.575], "size": [1, 6, 5], "uv": [42, 65]},
						{"origin": [-0.04167, 16.35585, -2.525], "size": [1, 5, 4], "uv": [49, 115]}
					]
				},
				{
					"name": "QZ8",
					"parent": "skirt_1",
					"pivot": [4, 28.2, -0.525],
					"rotation": [0, 0, -25],
					"cubes": [
						{"origin": [-0.34504, 15.90302, -2.575], "size": [1, 6, 5], "uv": [42, 65], "mirror": true},
						{"origin": [-0.95833, 16.35585, -2.525], "size": [1, 5, 4], "uv": [49, 115], "mirror": true}
					]
				},
				{
					"name": "QZ7",
					"parent": "skirt_1",
					"pivot": [-3.5, 28.2, -2.525],
					"rotation": [0, -45, 0]
				},
				{
					"name": "QZ6",
					"parent": "QZ7",
					"pivot": [-4, 28.2, -2.525],
					"rotation": [0, 0, 18],
					"cubes": [
						{"origin": [-1.08688, 19.5426, -3.025], "size": [1, 1.25, 1], "uv": [88, 213]},
						{"origin": [-1.32551, 15.66149, -4.075], "size": [1, 1, 3.1], "uv": [36, 160], "mirror": true},
						{"origin": [-1.08688, 16.0426, -4.025], "size": [1, 1.5, 3], "uv": [45, 160]},
						{"origin": [-1.08688, 18.5426, -3.275], "size": [1, 1, 1.5], "uv": [87, 200]},
						{"origin": [-1.08688, 17.5426, -3.775], "size": [1, 1, 2.5], "uv": [26, 182]}
					]
				},
				{
					"name": "QZ4",
					"parent": "skirt_1",
					"pivot": [-3.575, 28.2, 2.375],
					"rotation": [0, 45, 0]
				},
				{
					"name": "QZ5",
					"parent": "QZ4",
					"pivot": [-4.075, 28.2, 2.375],
					"rotation": [0, 180, 18],
					"cubes": [
						{"origin": [-7.98812, 19.5426, 1.875], "size": [1, 1.25, 1], "uv": [88, 213], "mirror": true},
						{"origin": [-7.64949, 15.66149, 0.825], "size": [1, 1, 3.1], "uv": [36, 160], "mirror": true},
						{"origin": [-7.98812, 16.0426, 0.875], "size": [1, 1.5, 3], "uv": [45, 160], "mirror": true},
						{"origin": [-7.98812, 18.5426, 1.625], "size": [1, 1, 1.5], "uv": [87, 200], "mirror": true},
						{"origin": [-7.98812, 17.5426, 1.125], "size": [1, 1, 2.5], "uv": [26, 182], "mirror": true}
					]
				},
				{
					"name": "QZ2",
					"parent": "skirt_1",
					"pivot": [3.575, 28.2, 2.375],
					"rotation": [0, -45, 0]
				},
				{
					"name": "QZ3",
					"parent": "QZ2",
					"pivot": [4.075, 28.2, 2.375],
					"rotation": [0, 180, -18],
					"cubes": [
						{"origin": [6.98812, 19.5426, 1.875], "size": [1, 1.25, 1], "uv": [88, 213]},
						{"origin": [6.98812, 16.0426, 0.875], "size": [1, 1.5, 3], "uv": [45, 160]},
						{"origin": [6.64949, 15.66149, 0.825], "size": [1, 1, 3.1], "uv": [36, 160]},
						{"origin": [6.98812, 18.5426, 1.625], "size": [1, 1, 1.5], "uv": [87, 200]},
						{"origin": [6.98812, 17.5426, 1.125], "size": [1, 1, 2.5], "uv": [26, 182]}
					]
				},
				{
					"name": "QZ",
					"parent": "skirt_1",
					"pivot": [3.5, 28.2, -2.525],
					"rotation": [0, 45, 0]
				},
				{
					"name": "bone32",
					"parent": "QZ",
					"pivot": [4, 28.2, -2.525],
					"rotation": [0, 0, -18],
					"cubes": [
						{"origin": [0.08688, 19.5426, -3.025], "size": [1, 1.25, 1], "uv": [88, 213], "mirror": true},
						{"origin": [0.08688, 16.0426, -4.025], "size": [1, 1.5, 3], "uv": [45, 160], "mirror": true},
						{"origin": [0.32551, 15.66149, -4.075], "size": [1, 1, 3.1], "uv": [36, 160]},
						{"origin": [0.08688, 18.5426, -3.275], "size": [1, 1, 1.5], "uv": [87, 200], "mirror": true},
						{"origin": [0.08688, 17.5426, -3.775], "size": [1, 1, 2.5], "uv": [26, 182], "mirror": true}
					]
				},
				{
					"name": "AllHead",
					"parent": "UpperBody",
					"pivot": [0, 30.625, -0.1],
					"cubes": [
						{"origin": [-1.5, 29.9, -1.575], "size": [3, 2, 3], "uv": [39, 134]}
					]
				},
				{
					"name": "Head",
					"parent": "AllHead",
					"pivot": [0, 30.625, -0.1],
					"cubes": [
						{"origin": [-3.5, 30.625, -3.6], "size": [7, 7, 7], "uv": [0, 0]}
					]
				},
				{
					"name": "Mouse",
					"parent": "Head",
					"pivot": [0.7, 13.625, 1.4]
				},
				{
					"name": "Zui4",
					"parent": "Mouse",
					"pivot": [0, 31.3, -2.7],
					"cubes": [
						{"origin": [-0.9, 31.6, -2.7], "size": [1.8, 0.1, 0], "uv": [97, 206]},
						{"origin": [-0.6, 30.975, -2.7], "size": [1.2, 0.75, 0], "uv": [97, 205]}
					]
				},
				{
					"name": "bone23",
					"parent": "Zui4",
					"pivot": [0.375, 31.875, -2.7],
					"rotation": [0, 0, 8.25],
					"cubes": [
						{"origin": [-0.00695, 31.6281, -2.7], "size": [0.925, 0.15, 0], "uv": [115, 207]}
					]
				},
				{
					"name": "bone24",
					"parent": "Zui4",
					"pivot": [-0.375, 31.875, -2.7],
					"rotation": [0, 0, -8.25],
					"cubes": [
						{"origin": [-0.91805, 31.6281, -2.7], "size": [0.9, 0.15, 0], "uv": [115, 206]}
					]
				},
				{
					"name": "bone17",
					"parent": "Zui4",
					"pivot": [-0.65, 31.55, -2.7],
					"rotation": [0, 0, 65],
					"cubes": [
						{"origin": [-0.775, 31.35, -2.7], "size": [0.675, 0.4, 0], "uv": [115, 205]}
					]
				},
				{
					"name": "bone18",
					"parent": "Zui4",
					"pivot": [0.65, 31.55, -2.7],
					"rotation": [0, 0, -65],
					"cubes": [
						{"origin": [0.1, 31.35, -2.7], "size": [0.675, 0.4, 0], "uv": [114, 207]}
					]
				},
				{
					"name": "Zui2",
					"parent": "Mouse",
					"pivot": [0.125, 31.375, -1.7],
					"cubes": [
						{"origin": [-0.175, 31.35, -1.7], "size": [0.4, 0.15, 0], "pivot": [0.125, 31.425, -1.7], "rotation": [0, 0, -37.5], "uv": [114, 206]},
						{"origin": [-0.425, 31.65, -1.7], "size": [0.4, 0.15, 0], "pivot": [0.15, 31.425, -1.7], "rotation": [0, 0, -37.5], "uv": [113, 207]},
						{"origin": [-0.175, 31.125, -1.7], "size": [0.35, 0.15, 0], "pivot": [0.125, 31.425, -1.7], "rotation": [0, 0, 50], "uv": [114, 205]},
						{"origin": [-0.9603, 31.37494, -1.7], "size": [0.4, 0.15, 0], "pivot": [-0.7353, 31.49994, -1.65], "rotation": [0, 0, -42], "uv": [113, 205]},
						{"origin": [-0.65, 31.15, -1.7], "size": [0.4, 0.15, 0], "pivot": [-0.275, 31.425, -1.7], "rotation": [0, 0, 50], "uv": [113, 206]},
						{"origin": [0.5603, 31.37494, -1.7], "size": [0.4, 0.15, 0], "pivot": [0.7353, 31.49994, -1.65], "rotation": [0, 0, 42], "uv": [112, 205]},
						{"origin": [0.25, 31.15, -1.7], "size": [0.4, 0.15, 0], "pivot": [0.275, 31.425, -1.7], "rotation": [0, 0, -50], "uv": [112, 206]},
						{"origin": [0.025, 31.65, -1.7], "size": [0.4, 0.15, 0], "pivot": [-0.15, 31.425, -1.7], "rotation": [0, 0, 37.5], "uv": [112, 207]}
					]
				},
				{
					"name": "Zui3",
					"parent": "Mouse",
					"pivot": [0.125, 32.375, -2.7],
					"cubes": [
						{"origin": [-0.175, 32.15, -2.7], "size": [0.4, 0.35, 0], "pivot": [0.125, 32.425, -2.7], "rotation": [0, 0, -37.5], "uv": [111, 207]},
						{"origin": [-0.425, 32.275, -2.7], "size": [0.4, 0.525, 0], "pivot": [0.15, 32.425, -2.7], "rotation": [0, 0, -37.5], "uv": [111, 206]},
						{"origin": [-0.175, 32.125, -2.7], "size": [0.35, 0.15, 0], "pivot": [0.125, 32.425, -2.7], "rotation": [0, 0, 50], "uv": [111, 205]},
						{"origin": [-0.9603, 32.14994, -2.7], "size": [0.4, 0.375, 0], "pivot": [-0.7353, 32.49994, -2.65], "rotation": [0, 0, -42], "uv": [110, 207]},
						{"origin": [-1.6103, 31.57494, -2.7], "size": [0.7, 1.075, 0], "pivot": [-0.7353, 32.49994, -2.65], "rotation": [0, 0, -77], "uv": [103, 205]},
						{"origin": [0.9103, 31.52494, -2.7], "size": [0.7, 1.125, 0], "pivot": [0.7353, 32.49994, -2.65], "rotation": [0, 0, 77], "uv": [102, 205]},
						{"origin": [1.6103, 32.27494, -2.7], "size": [0.2, 0.375, 0], "pivot": [0.7353, 32.49994, -2.65], "rotation": [0, 0, 77], "uv": [109, 205]},
						{"origin": [1.6103, 31.89994, -2.7], "size": [0.1, 0.375, 0], "pivot": [0.7353, 32.49994, -2.65], "rotation": [0, 0, 77], "uv": [108, 207]},
						{"origin": [1.6103, 31.79994, -2.7], "size": [0.1, 0.175, 0], "pivot": [0.7353, 32.49994, -2.65], "rotation": [0, 0, 77], "uv": [108, 206]},
						{"origin": [-1.7103, 31.79994, -2.7], "size": [0.1, 0.175, 0], "pivot": [-0.7353, 32.49994, -2.65], "rotation": [0, 0, -77], "uv": [107, 206]},
						{"origin": [-1.7353, 31.94994, -2.7], "size": [0.125, 0.325, 0], "pivot": [-0.7353, 32.49994, -2.65], "rotation": [0, 0, -77], "uv": [107, 207]},
						{"origin": [-1.8103, 32.27494, -2.7], "size": [0.2, 0.375, 0], "pivot": [-0.7353, 32.49994, -2.65], "rotation": [0, 0, -77], "uv": [108, 205]},
						{"origin": [1.7353, 30.62494, -2.7], "size": [0.1, 2.25, 0], "pivot": [0.7353, 32.49994, -2.65], "rotation": [0, 0, 89.5], "uv": [96, 205]},
						{"origin": [-0.65, 32.15, -2.7], "size": [0.4, 0.15, 0], "pivot": [-0.275, 32.425, -2.7], "rotation": [0, 0, 50], "uv": [110, 206]},
						{"origin": [0.5603, 32.17494, -2.7], "size": [0.4, 0.35, 0], "pivot": [0.7353, 32.49994, -2.65], "rotation": [0, 0, 42], "uv": [110, 205]},
						{"origin": [0.25, 32.15, -2.7], "size": [0.4, 0.15, 0], "pivot": [0.275, 32.425, -2.7], "rotation": [0, 0, -50], "uv": [109, 207]},
						{"origin": [0.025, 32.425, -2.7], "size": [0.4, 0.375, 0], "pivot": [-0.15, 32.425, -2.7], "rotation": [0, 0, 37.5], "uv": [109, 206]}
					]
				},
				{
					"name": "Zui5",
					"parent": "Mouse",
					"pivot": [0, 31.375, -2.7],
					"cubes": [
						{"origin": [-0.0625, 31.21412, -2.7], "size": [0.125, 0.125, 0], "uv": [105, 207]},
						{"origin": [-0.25173, 31.24238, -2.7], "size": [0.25, 0.125, 0], "pivot": [-0.07673, 31.31738, -2.7], "rotation": [0, 0, 32], "uv": [105, 206]},
						{"origin": [0.00173, 31.24238, -2.7], "size": [0.25, 0.125, 0], "pivot": [0.07673, 31.31738, -2.7], "rotation": [0, 0, -32], "uv": [105, 205]}
					]
				},
				{
					"name": "Ear",
					"parent": "Head",
					"pivot": [0, 30.625, -0.1]
				},
				{
					"name": "LeftEar",
					"parent": "Ear",
					"pivot": [2.6, 32.925, -0.9],
					"rotation": [-1.5741, -17.43127, 5.24133],
					"cubes": [
						{"origin": [2.19137, 31.70774, -1.70071], "size": [2.75, 2.4, 1], "uv": [0, 189]}
					]
				},
				{
					"name": "RightEar",
					"parent": "Ear",
					"pivot": [-3.6, 32.925, -0.9],
					"rotation": [-1.5741, 17.43127, -5.24133],
					"cubes": [
						{"origin": [-4.94137, 31.70774, -1.70071], "size": [2.75, 2.4, 1], "uv": [44, 189]}
					]
				},
				{
					"name": "Hair",
					"parent": "Head",
					"pivot": [-0.14783, 35.09457, 0.52174],
					"cubes": [
						{"origin": [-1.05, 33.1, -5.3], "size": [1, 5, 1], "pivot": [0, 36.375, -4.6], "rotation": [0, 0, 12.5], "uv": [21, 182]},
						{"origin": [1.575, 35.175, -4.9], "size": [1, 3, 1], "pivot": [2.5, 36.55, -4.25], "rotation": [0, 0, -22.5], "uv": [113, 195]},
						{"origin": [0.71624, 35.6825, -5.12974], "size": [1, 2, 1], "pivot": [1.34124, 36.1075, -4.62974], "rotation": [-4.99527, 0.21782, -2.5095], "uv": [113, 195]},
						{"origin": [2.57667, 36.34775, -4.35], "size": [1, 2, 1], "pivot": [3.07667, 37.34775, -3.85], "rotation": [0, 0, -15], "uv": [113, 195]},
						{"origin": [-5, 32.8, 2.9], "size": [1.25, 4, 1], "pivot": [-4.75, 35.0125, 1.4125], "rotation": [0, 0, 5], "uv": [56, 189]},
						{"origin": [-2.05, 34.1, -5.3], "size": [1, 4, 1], "pivot": [0, 36.375, -4.6], "rotation": [0, 0, 12.5], "uv": [66, 189]},
						{"origin": [-0.05, 34.1, -5.3], "size": [1, 4, 1], "pivot": [0, 36.375, -4.6], "rotation": [0, 0, 12.5], "uv": [61, 189]},
						{"origin": [-2.5, 35.35, -4.9], "size": [1, 3, 1], "uv": [0, 200]},
						{"origin": [-4.3875, 34.15, -4.05], "size": [1, 4, 3], "pivot": [-3.9625, 36.15, -2.55], "rotation": [0, 0, 7.5], "uv": [59, 142]},
						{"origin": [3.4625, 34.15, -4.1], "size": [1, 4, 3], "pivot": [3.9625, 36.15, -2.6], "rotation": [0, 0, -12.5], "uv": [50, 142]},
						{"origin": [-4.5, 33.725, -2.55], "size": [1, 5, 6], "uv": [89, 41]},
						{"origin": [-3, 32.925, 5.1], "size": [6, 5, 1], "uv": [73, 97]},
						{"origin": [-4, 31.925, 4.1], "size": [8, 7, 1], "uv": [112, 99]},
						{"origin": [-4, 30.925, 3.1], "size": [8, 7, 1], "uv": [40, 41]},
						{"origin": [3.5, 33.725, -2.55], "size": [1, 5, 6], "uv": [74, 41]},
						{"origin": [3.75, 32.8, 2.9], "size": [1.25, 4, 1], "pivot": [4.75, 35.0125, 1.4125], "rotation": [0, 0, -5], "uv": [56, 189], "mirror": true},
						{"origin": [4.25, 32.725, 0.925], "size": [1.25, 5, 2], "pivot": [4.75, 35.0125, 1.4125], "rotation": [0, 0, -5], "uv": [29, 160], "mirror": true},
						{"origin": [4.25, 32.725, -0.075], "size": [1.25, 5, 1], "pivot": [4.75, 35.0125, 1.4125], "rotation": [0, 0, -5], "uv": [9, 182], "mirror": true},
						{"origin": [4.25, 33.725, -1.075], "size": [1.25, 3, 1], "pivot": [4.75, 35.0125, 1.4125], "rotation": [0, 0, -5], "uv": [96, 195], "mirror": true},
						{"origin": [-5.5, 32.725, 0.925], "size": [1.25, 5, 2], "pivot": [-4.75, 35.0125, 1.4125], "rotation": [0, 0, 5], "uv": [29, 160]},
						{"origin": [-5.5, 32.725, -0.075], "size": [1.25, 5, 1], "pivot": [-4.75, 35.0125, 1.4125], "rotation": [0, 0, 5], "uv": [9, 182]},
						{"origin": [-5.5, 33.725, -1.075], "size": [1.25, 3, 1], "pivot": [-4.75, 35.0125, 1.4125], "rotation": [0, 0, 5], "uv": [96, 195]},
						{"origin": [-4.5, 31.725, 0.875], "size": [1, 2, 3], "uv": [20, 160]},
						{"origin": [3.5, 31.725, 0.775], "size": [1, 2, 3], "uv": [11, 160]},
						{"origin": [-4.4, 33.325, -3.7], "size": [1, 4, 2], "uv": [0, 168]},
						{"origin": [-2, 36.325, -4.3], "size": [4, 3, 1], "uv": [37, 150]},
						{"origin": [-2.975, 38.625, -3.7], "size": [6, 1, 8], "uv": [84, 7]},
						{"origin": [-4, 37.925, -3.9], "size": [8, 1, 8], "uv": [29, 0]},
						{"origin": [-2, 39.625, -2.7], "size": [4, 1, 6], "uv": [22, 64]},
						{"origin": [-3, 39.625, -1.7], "size": [1, 1, 4], "uv": [84, 159]},
						{"origin": [2, 39.625, -1.7], "size": [1, 1, 4], "uv": [75, 159]},
						{"origin": [-3.975, 38.625, -2.7], "size": [1, 1, 6], "uv": [92, 124]},
						{"origin": [3.025, 38.625, -2.7], "size": [1, 1, 6], "uv": [79, 124]},
						{"origin": [2.575, 34.075, -4.6], "size": [1, 4, 1], "pivot": [2.5, 36.55, -4.25], "rotation": [0, 0, -22.5], "uv": [71, 189]},
						{"origin": [-3.425, 34.25, -4.6], "size": [1, 4, 1], "pivot": [-3, 36.25, -4.1], "rotation": [0, 0, 7.5], "uv": [51, 189]}
					]
				},
				{
					"name": "FAGU",
					"parent": "Hair",
					"pivot": [5.9827, 36.55651, 1.84221],
					"rotation": [-15, 0, 0],
					"cubes": [
						{"origin": [4.90675, 34.89056, -1.28618], "size": [1, 3, 4], "pivot": [6.00683, 36.59388, 1.82884], "rotation": [0, -27.5, -5], "uv": [91, 149], "mirror": true},
						{"origin": [4.88013, 35.08346, 0.9333], "size": [1, 3, 4], "pivot": [6.00683, 36.59388, 1.82884], "rotation": [5, 27.5, -5], "uv": [80, 149], "mirror": true},
						{"origin": [5.07932, 35.12009, -1.21981], "size": [1, 3, 4], "pivot": [6.00683, 36.59388, 1.82884], "rotation": [-87.65059, -0.85481, 14.98247], "uv": [91, 141], "mirror": true},
						{"origin": [4.97145, 35.12009, 0.85452], "size": [1, 3, 4], "pivot": [6.00683, 36.59388, 1.82884], "rotation": [-87.78217, 1.15408, -32.47766], "uv": [80, 141], "mirror": true}
					]
				},
				{
					"name": "MaWei_Left",
					"parent": "Hair",
					"pivot": [4.95, 36.375, 1.95],
					"rotation": [2.50477, 4.32875, -77.40532],
					"cubes": [
						{"origin": [4.45, 31.875, 1.45], "size": [1, 5, 1], "pivot": [4.95, 34.375, 1.95], "rotation": [0, 0, 7.5], "uv": [140, 2], "mirror": true},
						{"origin": [5.15558, 31.56023, 1.4043], "size": [1, 4, 1], "uv": [143, 27], "mirror": true}
					]
				},
				{
					"name": "BGMW2",
					"parent": "MaWei_Left",
					"pivot": [7.55733, 32.72674, 1.6437],
					"cubes": [
						{"origin": [6.66185, 31.04644, 1.182], "size": [1, 5, 1], "pivot": [7.55733, 32.72674, 1.6437], "rotation": [176.95043, -10.13608, 145.59644], "uv": [135, 32], "mirror": true},
						{"origin": [8.12483, 29.7801, 1.21308], "size": [1, 4, 1], "pivot": [8.62483, 31.7801, 1.71308], "rotation": [-178.98769, -10.53231, 120.73261], "uv": [139, 13], "mirror": true},
						{"origin": [7.45681, 32.77018, 1.132], "size": [1, 3, 1], "pivot": [7.55733, 32.72674, 1.6437], "rotation": [176.95043, -10.13608, 145.59644], "uv": [145, 10], "mirror": true}
					]
				},
				{
					"name": "BGMW",
					"parent": "MaWei_Left",
					"pivot": [6.075, 35.15, 0.975],
					"rotation": [0, 0, 20],
					"cubes": [
						{"origin": [2.33294, 27.86749, 0.72394], "size": [1, 5, 1], "pivot": [3.19116, 28.82337, 1.20404], "rotation": [-1.7833, -1.49372, 34.95363], "uv": [141, 34], "mirror": true},
						{"origin": [3.12791, 28.89123, 0.67394], "size": [1, 4, 1], "pivot": [3.19116, 28.82337, 1.20404], "rotation": [-1.7833, -1.49372, 34.95363], "uv": [145, 10], "mirror": true},
						{"origin": [1.45892, 25.9162, 0.59051], "size": [1, 4, 1], "pivot": [2.00892, 27.9162, 1.09051], "rotation": [-2.31553, -0.22131, 66.93485], "uv": [139, 13], "mirror": true},
						{"origin": [5.19214, 31.53974, 0.87111], "size": [1, 4, 1], "pivot": [5.23132, 32.2133, 1.3756], "rotation": [-1.07895, 0.11553, -4.94219], "uv": [151, 10], "mirror": true},
						{"origin": [3.99214, 31.23974, 0.89611], "size": [1.6, 4.3, 1], "pivot": [5.23132, 32.2133, 1.3756], "rotation": [-1.06827, 0.19051, -0.94288], "uv": [156, 10], "mirror": true}
					]
				},
				{
					"name": "MaWei7",
					"parent": "MaWei_Left",
					"pivot": [5.25, 32.125, 1.4],
					"rotation": [-0.09638, -0.1954, 27.50967],
					"cubes": [
						{"origin": [3.69893, 27.57354, 1.475], "size": [2, 5, 1], "pivot": [4.69893, 30.07354, 1.975], "rotation": [0, 0, 5], "uv": [127, 24], "mirror": true},
						{"origin": [5.21095, 27.15841, 1.3543], "size": [1, 5, 1], "uv": [134, 2], "mirror": true}
					]
				},
				{
					"name": "MaWei8",
					"parent": "MaWei7",
					"pivot": [5.275, 27.875, 1.325],
					"rotation": [7.22611, -2.04295, 22.3472],
					"cubes": [
						{"origin": [3.34971, 23.21846, 1.4], "size": [2, 5, 1], "pivot": [4.34971, 25.71846, 1.825], "rotation": [-4.5, 0, 5], "uv": [144, 17], "mirror": true},
						{"origin": [4.23595, 22.90841, 1.2793], "size": [2, 5, 1], "uv": [136, 25], "mirror": true}
					]
				},
				{
					"name": "MaWei9",
					"parent": "MaWei8",
					"pivot": [5.275, 23.625, 1.25],
					"rotation": [-4.99527, -0.21782, 15.0095],
					"cubes": [
						{"origin": [3.1, 18.6, 1.25], "size": [2, 5, 1], "pivot": [4.2, 21.475, 1.75], "rotation": [0, 0, 5], "uv": [151, 17], "mirror": true},
						{"origin": [4.51095, 18.65841, 1.2043], "size": [2, 5, 1], "pivot": [5.76095, 21.15841, 1.7043], "rotation": [0, 0, -5], "uv": [145, 3], "mirror": true}
					]
				},
				{
					"name": "MaWei10",
					"parent": "MaWei9",
					"pivot": [4.05, 19.225, 1.25],
					"rotation": [-4.99527, 0.21782, 19.9905],
					"cubes": [
						{"origin": [3.75865, 14.1972, 1.22916], "size": [1, 5, 1], "pivot": [4.25594, 16.89703, 1.7043], "rotation": [0, 0, -2.5], "uv": [141, 34], "mirror": true},
						{"origin": [4.53866, 15.25858, 1.17916], "size": [1, 4, 1], "pivot": [5.11095, 17.25841, 1.7043], "rotation": [0, 0, -2.5], "uv": [145, 10], "mirror": true},
						{"origin": [5.48414, 16.75089, 1.36036], "size": [1, 3, 1], "pivot": [6.64168, 17.38171, 1.84299], "rotation": [3.46982, 0.31915, 4.82734], "uv": [158, 17], "mirror": true},
						{"origin": [4.68918, 15.02715, 1.41036], "size": [1, 5, 1], "pivot": [6.64168, 17.38171, 1.84299], "rotation": [3.46982, 0.31915, 4.82734], "uv": [135, 32], "mirror": true},
						{"origin": [3.16714, 15.61474, 1.14611], "size": [1, 4, 1], "pivot": [3.20632, 16.2883, 1.6506], "rotation": [-1.07895, 0.11553, -4.94219], "uv": [151, 10], "mirror": true}
					]
				},
				{
					"name": "bone7",
					"parent": "MaWei10",
					"pivot": [4.51095, 15.55841, 1.6543],
					"rotation": [0, 0, 10],
					"cubes": [
						{"origin": [4.01321, 11.70991, 1.15416], "size": [1, 4, 1], "pivot": [4.51095, 13.55841, 1.6543], "rotation": [0, 0, 17.5], "uv": [139, 13], "mirror": true},
						{"origin": [5.43356, 13.11012, 1.33536], "size": [1, 4, 1], "pivot": [6.29269, 17.724, 1.84299], "rotation": [3.28012, -1.17633, 19.78399], "uv": [134, 9], "mirror": true}
					]
				},
				{
					"name": "bone8",
					"parent": "MaWei10",
					"pivot": [3.15, 17.525, 1.7],
					"rotation": [0, 0, 30],
					"cubes": [
						{"origin": [3.9481, 14.33189, 1.09611], "size": [1, 2, 1], "pivot": [3.81713, 16.48215, 1.6506], "rotation": [-0.92906, 0.56067, -9.94565], "uv": [156, 3], "mirror": true}
					]
				},
				{
					"name": "Left_CeFa_A",
					"parent": "Hair",
					"pivot": [3.8375, 35.9954, -2.57915],
					"rotation": [9.51719, 0.56319, -9.86742],
					"cubes": [
						{"origin": [3.325, 33.4954, -3.57915], "size": [1.025, 2, 1], "uv": [82, 200]},
						{"origin": [3.46482, 32.64395, -2.41545], "size": [1.025, 3, 1], "pivot": [4.49247, 33.90599, -1.62781], "rotation": [45.10698, -1.07009, -7.57128], "uv": [101, 195]}
					]
				},
				{
					"name": "Left_CeFa_B2",
					"parent": "Left_CeFa_A",
					"pivot": [4.2125, 37.4954, -1.57915],
					"rotation": [0, 0, -7.5],
					"cubes": [
						{"origin": [3.94914, 33.70775, -2.3363], "size": [1.025, 2, 2], "pivot": [4.02156, 33.90016, -1.62781], "rotation": [45.06377, 2.47183, -3.60125], "uv": [14, 182]},
						{"origin": [3.93212, 32.82713, -2.3113], "size": [1.025, 1, 1], "pivot": [4.02156, 33.90016, -1.62781], "rotation": [45.11267, 0.70121, -1.8356], "uv": [20, 205]},
						{"origin": [3.92732, 34.52121, -3.47961], "size": [1.025, 3, 2], "uv": [60, 168]}
					]
				},
				{
					"name": "Right_CeFa_A",
					"parent": "Hair",
					"pivot": [-3.6625, 36.1954, -2.57915],
					"rotation": [-5.41694, 0.95364, 9.95488],
					"cubes": [
						{"origin": [-4.175, 33.6954, -3.57915], "size": [1.025, 2, 1], "uv": [52, 200]},
						{"origin": [-4.21133, 30.76346, -3.55415], "size": [1.025, 3, 1], "pivot": [-4.0775, 33.8719, -2.74745], "rotation": [0, 0, -7.5], "uv": [53, 195]}
					]
				},
				{
					"name": "Right_CeFa_B3",
					"parent": "Right_CeFa_A",
					"pivot": [-3.57657, 33.20532, -2.29162],
					"rotation": [-5.4792, -0.47863, -4.9771],
					"cubes": [
						{"origin": [-4.08907, 30.70532, -3.29162], "size": [1.025, 2, 1], "uv": [47, 200]},
						{"origin": [-4.1254, 27.77338, -3.26662], "size": [1.025, 3, 1], "pivot": [-3.99157, 30.88182, -2.45991], "rotation": [0, 0, -7.5], "uv": [48, 195]}
					]
				},
				{
					"name": "Right_CeFa_C",
					"parent": "Right_CeFa_B3",
					"pivot": [-4.20157, 34.70532, -0.91662],
					"cubes": [
						{"origin": [-4.63907, 29.85992, -2.81246], "size": [1.025, 2, 2], "pivot": [-4.11785, 30.16011, -2.04996], "rotation": [0, 0, -10], "uv": [60, 175]},
						{"origin": [-4.62716, 28.96059, -2.78746], "size": [1.025, 1, 1], "pivot": [-4.11785, 30.16011, -2.04996], "rotation": [0, 0, -12.5], "uv": [0, 205]},
						{"origin": [-4.94139, 31.73114, -2.81708], "size": [1.025, 3, 2], "uv": [46, 168]}
					]
				},
				{
					"name": "Right_CeFa_B4",
					"parent": "Right_CeFa_A",
					"pivot": [-4.0375, 37.6954, -1.57915],
					"rotation": [10, 0, 7.5],
					"cubes": [
						{"origin": [-4.475, 32.85, -3.475], "size": [1.025, 2, 2], "pivot": [-3.95378, 33.15019, -2.7125], "rotation": [0, 0, -10], "uv": [53, 175]},
						{"origin": [-4.46309, 31.95067, -3.45], "size": [1.025, 1, 1], "pivot": [-3.95378, 33.15019, -2.7125], "rotation": [0, 0, -12.5], "uv": [107, 200]},
						{"origin": [-4.77732, 34.72121, -3.47961], "size": [1.025, 3, 2], "uv": [39, 168]}
					]
				},
				{
					"name": "Face",
					"parent": "Head",
					"pivot": [0, 32.625, -0.1]
				},
				{
					"name": "BQ___",
					"parent": "Face",
					"pivot": [0, 33.425, -2.15]
				},
				{
					"name": "MeiMao_BQ",
					"parent": "BQ___",
					"pivot": [0, 36.625, 2.85]
				},
				{
					"name": "MeiMaoZuo2",
					"parent": "MeiMao_BQ",
					"pivot": [2.625, 36.325, 3.65],
					"cubes": [
						{"origin": [1.125, 33.225, -1.15], "size": [3.4, 1, 1], "pivot": [1.275, 33.725, -0.65], "rotation": [0, 0, -17.5], "uv": [0, 185]},
						{"origin": [1.125, 33.225, -1.125], "size": [3.4, 1, 1], "pivot": [1.275, 33.725, -0.65], "rotation": [0, 0, 22.5], "uv": [0, 182]}
					]
				},
				{
					"name": "MeiMaoZuo3",
					"parent": "MeiMao_BQ",
					"pivot": [-2.625, 36.325, 3.65],
					"cubes": [
						{"origin": [-4.525, 33.225, -1.15], "size": [3.4, 1, 1], "pivot": [-1.275, 33.725, -0.65], "rotation": [0, 0, 17.5], "uv": [79, 178]},
						{"origin": [-4.525, 33.225, -1.125], "size": [3.4, 1, 1], "pivot": [-1.275, 33.725, -0.65], "rotation": [0, 0, -22.5], "uv": [79, 175]}
					]
				},
				{
					"name": "Eyes",
					"parent": "Face",
					"pivot": [0, 32.625, -0.1]
				},
				{
					"name": "Eyelid",
					"parent": "Eyes",
					"pivot": [0, 32.625, -0.1]
				},
				{
					"name": "RightEyelid",
					"parent": "Eyelid",
					"pivot": [-2.5, 31.625, -3.125],
					"cubes": [
						{"origin": [-3.4, 31.625, -3.625], "size": [2, 2, 1], "uv": [37, 189]}
					]
				},
				{
					"name": "YouYan4",
					"parent": "RightEyelid",
					"pivot": [-2.225, 32.625, -3.15],
					"cubes": [
						{"origin": [-2.925, 31.625, -2.65], "size": [1.4, 2, 1], "uv": [62, 200]}
					]
				},
				{
					"name": "RightEyelidBase",
					"parent": "RightEyelid",
					"pivot": [-2.325, 31.625, -3.125],
					"cubes": [
						{"origin": [-2.925, 31.625, -3.65], "size": [1.4, 2, 1], "uv": [77, 200]}
					]
				},
				{
					"name": "RightPupil",
					"parent": "RightEyelidBase",
					"pivot": [-2.225, 32.76786, -3.175],
					"cubes": [
						{"origin": [-2.425, 32.125, -3.675], "size": [0.4, 1, 1], "uv": [83, 205]}
					]
				},
				{
					"name": "RightEyesDot",
					"parent": "RightEyelidBase",
					"pivot": [-5.95, 14.275, -3.65],
					"cubes": [
						{"origin": [-1.9, 33.075, -3.675], "size": [0.5, 0.3, 1], "uv": [85, 209]}
					]
				},
				{
					"name": "LeftEyelid",
					"parent": "Eyelid",
					"pivot": [2.5, 31.625, -3.125],
					"cubes": [
						{"origin": [1.4, 31.625, -3.625], "size": [2, 2, 1], "uv": [30, 189]}
					]
				},
				{
					"name": "LeftEyelidBase",
					"parent": "LeftEyelid",
					"pivot": [2.325, 31.625, -3.125],
					"cubes": [
						{"origin": [1.525, 31.625, -3.65], "size": [1.4, 2, 1], "uv": [72, 200]}
					]
				},
				{
					"name": "LeftPupil",
					"parent": "LeftEyelidBase",
					"pivot": [2.225, 32.625, -3.175],
					"cubes": [
						{"origin": [2.025, 32.125, -3.675], "size": [0.4, 1, 1], "uv": [86, 205]}
					]
				},
				{
					"name": "LeftEyesDot",
					"parent": "LeftEyelidBase",
					"pivot": [-1.225, 14.275, -3.65],
					"cubes": [
						{"origin": [2.625, 33.075, -3.675], "size": [0.5, 0.3, 1], "uv": [82, 209]}
					]
				},
				{
					"name": "YouYan3",
					"parent": "LeftEyelid",
					"pivot": [2.325, 32.625, -2.125],
					"cubes": [
						{"origin": [1.525, 31.625, -2.65], "size": [1.4, 2, 1], "uv": [67, 200]}
					]
				},
				{
					"name": "LeftEyebrow",
					"parent": "Eyes",
					"pivot": [-2.875, 33.475, -3.425],
					"cubes": [
						{"origin": [-3.275, 33.475, -3.925], "size": [2, 1, 1], "uv": [106, 195]}
					]
				},
				{
					"name": "MeiFuJia2",
					"parent": "LeftEyebrow",
					"pivot": [-3.825, 33.475, -3.425],
					"cubes": [
						{"origin": [-4.375, 32.975, -3.925], "size": [1.1, 1, 1], "uv": [15, 205]}
					]
				},
				{
					"name": "RightEyebrow",
					"parent": "Eyes",
					"pivot": [2.875, 33.475, -3.425],
					"cubes": [
						{"origin": [1.275, 33.475, -3.925], "size": [2, 1, 1], "uv": [89, 195]}
					]
				},
				{
					"name": "MeiFuJia",
					"parent": "RightEyebrow",
					"pivot": [3.825, 33.475, -3.425],
					"cubes": [
						{"origin": [3.275, 32.975, -3.925], "size": [1.1, 1, 1], "uv": [25, 205]}
					]
				},
				{
					"name": "Halo",
					"parent": "Head",
					"pivot": [0, 34.975, 1],
					"rotation": [-25, 0, 0]
				},
				{
					"name": "GH",
					"parent": "Halo",
					"pivot": [0, 44.15, 0.9]
				},
				{
					"name": "WaiQuan",
					"parent": "GH",
					"pivot": [-0.02152, 44.42308, 0.99661],
					"cubes": [
						{"origin": [-1.525, 44.425, -3.15], "size": [3.075, 0.075, 1], "inflate": 0.001, "uv": [3, 215]},
						{"origin": [-1.525, 44.425, -3.15], "size": [3.075, 0.075, 1], "inflate": 0.001, "pivot": [0, 44.425, 0.6], "rotation": [0, 45, 0], "uv": [3, 215]},
						{"origin": [-1.525, 44.425, -3.15], "size": [3.075, 0.075, 1], "inflate": 0.001, "pivot": [0, 44.425, 0.6], "rotation": [-180, 45, 180], "uv": [3, 215]},
						{"origin": [-1.525, 44.425, -3.15], "size": [3.075, 0.075, 1], "inflate": 0.001, "pivot": [0, 44.425, 0.6], "rotation": [0, 90, 0], "uv": [3, 215]},
						{"origin": [-1.525, 44.425, -3.15], "size": [3.075, 0.075, 1], "inflate": 0.001, "pivot": [0, 44.425, 0.6], "rotation": [0, -45, 0], "uv": [3, 215]},
						{"origin": [-1.525, 44.425, -3.15], "size": [3.075, 0.075, 1], "inflate": 0.001, "pivot": [0, 44.425, 0.6], "rotation": [0, -90, 0], "uv": [3, 215]},
						{"origin": [-1.525, 44.425, -3.15], "size": [3.075, 0.075, 1], "inflate": 0.001, "pivot": [0, 44.425, 0.6], "rotation": [-180, -45, 180], "uv": [3, 215]},
						{"origin": [-1.525, 44.425, -3.15], "size": [3.075, 0.075, 1], "inflate": 0.001, "pivot": [0, 44.425, 0.6], "rotation": [-180, 0, 180], "uv": [3, 215]}
					]
				},
				{
					"name": "WaiQuan3",
					"parent": "GH",
					"pivot": [-0.02152, 45.02308, 0.99661],
					"rotation": [0, -17.5, 0],
					"cubes": [
						{"origin": [-2.375, 45.025, -5.15], "size": [4.775, 0.075, 1], "inflate": 0.001, "uv": [1, 219]},
						{"origin": [-2.375, 45.025, -5.15], "size": [1.775, 0.075, 1], "inflate": 0.001, "pivot": [0, 45.025, 0.6], "rotation": [0, 45, 0], "uv": [1, 219]},
						{"origin": [0.625, 45.025, -5.15], "size": [1.775, 0.075, 1], "inflate": 0.001, "pivot": [0, 45.025, 0.6], "rotation": [0, 45, 0], "uv": [1, 219]},
						{"origin": [0.625, 45.025, -5.15], "size": [1.775, 0.075, 1], "inflate": 0.001, "pivot": [0, 45.025, 0.6], "rotation": [-180, 45, 180], "uv": [1, 219]},
						{"origin": [-2.375, 45.025, -5.15], "size": [1.775, 0.075, 1], "inflate": 0.001, "pivot": [0, 45.025, 0.6], "rotation": [-180, 45, 180], "uv": [1, 219]},
						{"origin": [-2.375, 45.025, -5.15], "size": [4.775, 0.075, 1], "inflate": 0.001, "pivot": [0, 45.025, 0.6], "rotation": [0, 90, 0], "uv": [1, 219]},
						{"origin": [-2.375, 45.025, -5.15], "size": [1.775, 0.075, 1], "inflate": 0.001, "pivot": [0, 45.025, 0.6], "rotation": [0, -45, 0], "uv": [1, 219]},
						{"origin": [0.625, 45.025, -5.15], "size": [1.775, 0.075, 1], "inflate": 0.001, "pivot": [0, 45.025, 0.6], "rotation": [0, -45, 0], "uv": [1, 219]},
						{"origin": [-2.375, 45.025, -5.15], "size": [4.775, 0.075, 1], "inflate": 0.001, "pivot": [0, 45.025, 0.6], "rotation": [0, -90, 0], "uv": [1, 219]},
						{"origin": [0.625, 45.025, -5.15], "size": [1.775, 0.075, 1], "inflate": 0.001, "pivot": [0, 45.025, 0.6], "rotation": [-180, -45, 180], "uv": [1, 219]},
						{"origin": [-2.375, 45.025, -5.15], "size": [1.775, 0.075, 1], "inflate": 0.001, "pivot": [0, 45.025, 0.6], "rotation": [-180, -45, 180], "uv": [1, 219]},
						{"origin": [-2.375, 45.025, -5.15], "size": [4.775, 0.075, 1], "inflate": 0.001, "pivot": [0, 45.025, 0.6], "rotation": [-180, 0, 180], "uv": [1, 219]}
					]
				},
				{
					"name": "XZhuan",
					"parent": "WaiQuan3",
					"pivot": [0, 45.025, 0.6],
					"rotation": [0, -45, 0],
					"cubes": [
						{"origin": [-3.8, 45.025, -8.14497], "size": [3.8, 0.075, 1], "inflate": 0.001, "pivot": [0, 45.025, -7.64497], "rotation": [0, 72.5, 0], "uv": [1, 219]},
						{"origin": [-1.55247, 45.025, -4.60697], "size": [1, 0.075, 2.05], "inflate": 0.001, "pivot": [-1.05247, 45.025, -4.30697], "rotation": [0, 50, 0], "uv": [1, 219]},
						{"origin": [-3.8, 45.025, -8.14497], "size": [3.8, 0.075, 1], "inflate": 0.001, "pivot": [0, 45.025, -7.64497], "rotation": [0, 107.5, 0], "uv": [1, 219]},
						{"origin": [0.55247, 45.025, -6.15697], "size": [1, 0.075, 2.15], "inflate": 0.001, "pivot": [1.05247, 45.025, -4.30697], "rotation": [0, 130, 0], "uv": [1, 219]}
					]
				},
				{
					"name": "XZhuan2",
					"parent": "WaiQuan3",
					"pivot": [0, 45.025, 0.6],
					"rotation": [0, 45, 0],
					"cubes": [
						{"origin": [-3.8, 45.025, -8.14497], "size": [3.8, 0.075, 1], "inflate": 0.001, "pivot": [0, 45.025, -7.64497], "rotation": [0, 72.5, 0], "uv": [1, 219]},
						{"origin": [-1.55247, 45.025, -4.60697], "size": [1, 0.075, 2.05], "inflate": 0.001, "pivot": [-1.05247, 45.025, -4.30697], "rotation": [0, 50, 0], "uv": [1, 219]},
						{"origin": [-3.8, 45.025, -8.14497], "size": [3.8, 0.075, 1], "inflate": 0.001, "pivot": [0, 45.025, -7.64497], "rotation": [0, 107.5, 0], "uv": [1, 219]},
						{"origin": [0.55247, 45.025, -6.15697], "size": [1, 0.075, 2.15], "inflate": 0.001, "pivot": [1.05247, 45.025, -4.30697], "rotation": [0, 130, 0], "uv": [1, 219]}
					]
				},
				{
					"name": "XZhuan3",
					"parent": "WaiQuan3",
					"pivot": [0, 45.025, 0.6],
					"rotation": [0, 135, 0],
					"cubes": [
						{"origin": [-3.8, 45.025, -8.14497], "size": [3.8, 0.075, 1], "inflate": 0.001, "pivot": [0, 45.025, -7.64497], "rotation": [0, 72.5, 0], "uv": [1, 219]},
						{"origin": [-1.55247, 45.025, -4.60697], "size": [1, 0.075, 2.05], "inflate": 0.001, "pivot": [-1.05247, 45.025, -4.30697], "rotation": [0, 50, 0], "uv": [1, 219]},
						{"origin": [-3.8, 45.025, -8.14497], "size": [3.8, 0.075, 1], "inflate": 0.001, "pivot": [0, 45.025, -7.64497], "rotation": [0, 107.5, 0], "uv": [1, 219]},
						{"origin": [0.55247, 45.025, -6.15697], "size": [1, 0.075, 2.15], "inflate": 0.001, "pivot": [1.05247, 45.025, -4.30697], "rotation": [0, 130, 0], "uv": [1, 219]}
					]
				},
				{
					"name": "XZhuan4",
					"parent": "WaiQuan3",
					"pivot": [0, 45.025, 0.6],
					"rotation": [0, -135, 0],
					"cubes": [
						{"origin": [-3.8, 45.025, -8.14497], "size": [3.8, 0.075, 1], "inflate": 0.001, "pivot": [0, 45.025, -7.64497], "rotation": [0, 72.5, 0], "uv": [1, 219]},
						{"origin": [-1.55247, 45.025, -4.60697], "size": [1, 0.075, 2.05], "inflate": 0.001, "pivot": [-1.05247, 45.025, -4.30697], "rotation": [0, 50, 0], "uv": [1, 219]},
						{"origin": [-3.8, 45.025, -8.14497], "size": [3.8, 0.075, 1], "inflate": 0.001, "pivot": [0, 45.025, -7.64497], "rotation": [0, 107.5, 0], "uv": [1, 219]},
						{"origin": [0.55247, 45.025, -6.15697], "size": [1, 0.075, 2.15], "inflate": 0.001, "pivot": [1.05247, 45.025, -4.30697], "rotation": [0, 130, 0], "uv": [1, 219]}
					]
				},
				{
					"name": "XXZhuan",
					"parent": "WaiQuan3",
					"pivot": [0, 45.025, 0.6],
					"cubes": [
						{"origin": [-0.15, 45.025, -5.5], "size": [1, 0.075, 1], "inflate": 0.001, "pivot": [0, 45.025, -4.65], "rotation": [0, 45, 0], "uv": [1, 219]}
					]
				},
				{
					"name": "XXZhuan2",
					"parent": "WaiQuan3",
					"pivot": [0, 45.025, 0.6],
					"rotation": [0, -90, 0],
					"cubes": [
						{"origin": [-0.15, 45.025, -5.5], "size": [1, 0.075, 1], "inflate": 0.001, "pivot": [0, 45.025, -4.65], "rotation": [0, 45, 0], "uv": [1, 219]}
					]
				},
				{
					"name": "XXZhuan3",
					"parent": "WaiQuan3",
					"pivot": [0, 45.025, 0.6],
					"rotation": [0, 92.5, 0],
					"cubes": [
						{"origin": [-0.15, 45.025, -5.5], "size": [1, 0.075, 1], "inflate": 0.001, "pivot": [0, 45.025, -4.65], "rotation": [0, 45, 0], "uv": [1, 219]}
					]
				},
				{
					"name": "XXZhuan4",
					"parent": "WaiQuan3",
					"pivot": [0, 45.025, 0.6],
					"rotation": [0, 180, 0],
					"cubes": [
						{"origin": [-0.15, 45.025, -5.5], "size": [1, 0.075, 1], "inflate": 0.001, "pivot": [0, 45.025, -4.65], "rotation": [0, 45, 0], "uv": [1, 219]}
					]
				},
				{
					"name": "WaiQuan2",
					"parent": "GH",
					"pivot": [0, 44.05, 0.6],
					"rotation": [0, 37.5, 0],
					"cubes": [
						{"origin": [-1.375, 44.05, -1.45], "size": [2.75, 0.075, 1.1], "inflate": 0.001, "uv": [1, 209]},
						{"origin": [-1.375, 44.05, -1.45], "size": [2.75, 0.075, 1.1], "inflate": 0.001, "pivot": [0, 44.05, 0.6], "rotation": [0, 91.5, 0], "uv": [1, 209]},
						{"origin": [-1.475, 44.05, -1.45], "size": [2.95, 0.075, 1.1], "inflate": 0.001, "pivot": [0, 44.05, 0.6], "rotation": [0, -88.5, 0], "uv": [1, 209]},
						{"origin": [-0.375, 44.05, 0.225], "size": [0.75, 0.075, 0.75], "inflate": 0.001, "pivot": [0, 44.05, 0.6], "rotation": [0, -141, 0], "uv": [1, 209]},
						{"origin": [-1.375, 44.05, -1.45], "size": [2.75, 0.075, 1.1], "inflate": 0.001, "pivot": [0, 44.05, 0.6], "rotation": [-180, 0, 180], "uv": [1, 209]}
					]
				},
				{
					"name": "Arm",
					"parent": "UpperBody",
					"pivot": [-0.2, 26.5, 0]
				},
				{
					"name": "LeftArm",
					"parent": "Arm",
					"pivot": [3.65, 28.8, 0],
					"rotation": [0, 0, -18],
					"cubes": [
						{"origin": [2.275, 23.85, -1.9], "size": [3.05, 4, 3.65], "uv": [0, 125]},
						{"origin": [2.35, 22.85, -1.5], "size": [3.05, 7, 3], "uv": [21, 97]},
						{"origin": [2.5, 24.625, -1.95], "size": [3.05, 4, 3.8], "pivot": [4.74098, 26.83014, -0.05], "rotation": [0, 0, -2.5], "uv": [75, 115]},
						{"origin": [5.05818, 25.66048, -0.95], "size": [1, 2, 2], "pivot": [5.55818, 26.66048, 0.05], "rotation": [45, 0, -10], "uv": [66, 118]},
						{"origin": [2.29453, 21.78011, -2.125], "size": [3, 4.05, 2.075], "pivot": [4.29453, 24.80511, -0.0875], "rotation": [-7.5, 0, 0], "uv": [108, 24]},
						{"origin": [2.29453, 21.78011, 0.05], "size": [3, 4.05, 2.075], "pivot": [4.29453, 24.80511, 0.0875], "rotation": [7.5, 0, 0], "uv": [102, 17]},
						{"origin": [4.92494, 22.01132, -2.24142], "size": [1.3, 6.05, 2.075], "pivot": [5.57494, 23.98632, -1.20392], "rotation": [-7.37581, -1.363, -10.41214], "uv": [100, 24]},
						{"origin": [4.92494, 22.01132, 0.16642], "size": [1.3, 6.05, 2.075], "pivot": [5.57494, 23.98632, 1.20392], "rotation": [7.37581, 1.363, -10.41214], "uv": [113, 14]}
					]
				},
				{
					"name": "LeftForeArm",
					"parent": "LeftArm",
					"pivot": [3.875, 23.85, 0.025],
					"cubes": [
						{"origin": [2.375, 16.825, -1.475], "size": [3, 7, 3], "uv": [60, 97]}
					]
				},
				{
					"name": "LeftHand",
					"parent": "LeftForeArm",
					"pivot": [3.875, 18.325, 0.025],
					"cubes": [
						{"origin": [3.375, 17.825, -0.475], "size": [1, 1, 1], "uv": [60, 97]}
					]
				},
				{
					"name": "LeftHandLocator",
					"parent": "LeftHand",
					"pivot": [3.875, 18.325, 0.025]
				},
				{
					"name": "RightArm",
					"parent": "Arm",
					"pivot": [-3.65, 28.8, 0],
					"rotation": [0, 0, 18],
					"cubes": [
						{"origin": [-5.4, 22.85, -1.5], "size": [3.05, 7, 3], "uv": [34, 97]},
						{"origin": [-5.55, 24.625, -1.95], "size": [3.05, 4, 3.8], "pivot": [-4.74098, 26.83014, -0.05], "rotation": [0, 0, 2.5], "uv": [101, 115]},
						{"origin": [-6.22494, 22.01132, 0.16642], "size": [1.3, 6.05, 2.075], "pivot": [-5.57494, 23.98632, 1.20392], "rotation": [7.37581, -1.363, 10.41214], "uv": [113, 14], "mirror": true},
						{"origin": [-6.05818, 25.66048, -0.95], "size": [1, 2, 2], "pivot": [-5.55818, 26.66048, 0.05], "rotation": [45, 0, 10], "uv": [66, 118], "mirror": true},
						{"origin": [-6.22494, 22.01132, -2.24142], "size": [1.3, 6.05, 2.075], "pivot": [-5.57494, 23.98632, -1.20392], "rotation": [-7.37581, 1.363, 10.41214], "uv": [100, 24], "mirror": true},
						{"origin": [-5.29453, 21.78011, 0.05], "size": [3, 4.05, 2.075], "pivot": [-4.29453, 24.80511, 0.0875], "rotation": [7.5, 0, 0], "uv": [102, 17], "mirror": true},
						{"origin": [-5.29453, 21.78011, -2.125], "size": [3, 4.05, 2.075], "pivot": [-4.29453, 24.80511, -0.0875], "rotation": [-7.5, 0, 0], "uv": [108, 24], "mirror": true},
						{"origin": [-5.325, 23.85, -1.9], "size": [3.05, 4, 3.65], "uv": [88, 115]}
					]
				},
				{
					"name": "RightForeArm",
					"parent": "RightArm",
					"pivot": [-3.875, 23.85, 0.025],
					"cubes": [
						{"origin": [-5.375, 16.825, -1.475], "size": [3, 7, 3], "uv": [47, 97]}
					]
				},
				{
					"name": "RightHand",
					"parent": "RightForeArm",
					"pivot": [-3.875, 18.325, 0.025],
					"cubes": [
						{"origin": [-4.375, 17.825, -0.475], "size": [1, 1, 1], "uv": [47, 97]}
					]
				},
				{
					"name": "RightHandLocator",
					"parent": "RightHand",
					"pivot": [-3.875, 18.325, 0.025]
				},
				{
					"name": "RightWaistLocator",
					"parent": "UpperBody",
					"pivot": [-4, 21.9644, 0],
					"rotation": [-5, 0, 0]
				},
				{
					"name": "LeftWaistLocator",
					"parent": "UpperBody",
					"pivot": [4, 21.9644, 0],
					"rotation": [-20, 0, 0]
				},
				{
					"name": "BackpackLocator",
					"parent": "UpperBody",
					"pivot": [0, 27.9644, 0]
				},
				{
					"name": "DownBody",
					"parent": "AllBody",
					"pivot": [0, 17.5, 0]
				},
				{
					"name": "Leg",
					"parent": "DownBody",
					"pivot": [0, 17.5, 0]
				},
				{
					"name": "LeftLeg",
					"parent": "Leg",
					"pivot": [2.3, 18.05, -1],
					"cubes": [
						{"origin": [0.375, 10.8, -2], "size": [3.45, 8, 4], "uv": [59, 41]},
						{"origin": [0.275, 13.1, -2.1], "size": [3.65, 1, 4.3], "uv": [106, 43]},
						{"origin": [1.075, 13, -2.2], "size": [0.35, 1.2, 4.5], "uv": [93, 54]},
						{"origin": [2.175, 13, -2.2], "size": [0.85, 1.2, 4.5], "uv": [93, 54]},
						{"origin": [2.275, 13.25, -2.075], "size": [0.65, 5.9, 4.25], "uv": [107, 51]},
						{"origin": [0.575, 9.85, -1.325], "size": [3, 2, 2], "pivot": [-0.5, 10.85, -0.325], "rotation": [30, 0, 0], "uv": [26, 155]}
					]
				},
				{
					"name": "LeftLowerLeg",
					"parent": "LeftLeg",
					"pivot": [2.1, 11.35, 0.2],
					"cubes": [
						{"origin": [0.4, 2.65, -1.9], "size": [3.4, 9, 4], "uv": [72, 27]},
						{"origin": [0.95, 6.875, -1.95], "size": [0.5, 0.5, 1], "uv": [72, 27]},
						{"origin": [0.95, 6.075, -1.95], "size": [0.5, 0.5, 1], "uv": [72, 27]},
						{"origin": [0.95, 5.275, -1.95], "size": [0.5, 0.5, 1], "uv": [72, 27]},
						{"origin": [0.95, 4.475, -1.95], "size": [0.5, 0.5, 1], "uv": [72, 27]},
						{"origin": [2.75, 4.475, -1.95], "size": [0.5, 0.5, 1], "uv": [72, 27]},
						{"origin": [2.75, 5.275, -1.95], "size": [0.5, 0.5, 1], "uv": [72, 27]},
						{"origin": [2.75, 6.075, -1.95], "size": [0.5, 0.5, 1], "uv": [72, 27]},
						{"origin": [2.75, 6.875, -1.95], "size": [0.5, 0.5, 1], "uv": [72, 27]},
						{"origin": [0.3, 7.65, -2], "size": [3.6, 1.2, 4.2], "uv": [120, 33]}
					]
				},
				{
					"name": "LeftFoot",
					"parent": "LeftLowerLeg",
					"pivot": [2.0875, 3.15, 1.1375],
					"cubes": [
						{"origin": [0.25, 0.475, -3.9], "size": [3.675, 3, 5.075], "pivot": [0, 1.975, -0.8625], "rotation": [9.5, 0, 0], "uv": [53, 27]},
						{"origin": [0.275, 1.79073, 0.95314], "size": [3.625, 2.025, 1.225], "pivot": [2.0875, 2.76573, 1.59064], "rotation": [3, 0, 0], "uv": [83, 60]},
						{"origin": [0.15, -0.175, -4.325], "size": [3.875, 2, 4.075], "uv": [92, 64]},
						{"origin": [0.15, -0.175, 0.275], "size": [3.875, 2, 2.075], "uv": [80, 54]},
						{"origin": [0.475, 2.575, -3], "size": [3.175, 1, 2.075], "pivot": [2.5875, 3.075, -2.4125], "rotation": [35, 0, 0], "uv": [0, 164]}
					]
				},
				{
					"name": "RightLeg",
					"parent": "Leg",
					"pivot": [-2.3, 18.05, -1],
					"cubes": [
						{"origin": [-3.825, 10.8, -2], "size": [3.45, 8, 4], "uv": [25, 41]},
						{"origin": [-3.675, 9.85, -1.325], "size": [3, 2, 2], "pivot": [-0.3, 10.85, -0.325], "rotation": [30, 0, 0], "uv": [26, 150]}
					]
				},
				{
					"name": "RightLowerLeg",
					"parent": "RightLeg",
					"pivot": [-2.1, 11.35, 0.2],
					"cubes": [
						{"origin": [-3.9, 7.65, -2], "size": [3.6, 1.2, 4.2], "uv": [120, 33], "mirror": true},
						{"origin": [-3.8, 2.65, -1.9], "size": [3.4, 9, 4], "uv": [72, 27], "mirror": true},
						{"origin": [-1.45, 6.875, -1.95], "size": [0.5, 0.5, 1], "uv": [72, 27], "mirror": true},
						{"origin": [-1.45, 6.075, -1.95], "size": [0.5, 0.5, 1], "uv": [72, 27], "mirror": true},
						{"origin": [-1.45, 5.275, -1.95], "size": [0.5, 0.5, 1], "uv": [72, 27], "mirror": true},
						{"origin": [-1.45, 4.475, -1.95], "size": [0.5, 0.5, 1], "uv": [72, 27], "mirror": true},
						{"origin": [-3.25, 6.875, -1.95], "size": [0.5, 0.5, 1], "uv": [72, 27], "mirror": true},
						{"origin": [-3.25, 6.075, -1.95], "size": [0.5, 0.5, 1], "uv": [72, 27], "mirror": true},
						{"origin": [-3.25, 5.275, -1.95], "size": [0.5, 0.5, 1], "uv": [72, 27], "mirror": true},
						{"origin": [-3.25, 4.475, -1.95], "size": [0.5, 0.5, 1], "uv": [72, 27], "mirror": true}
					]
				},
				{
					"name": "RightFoot",
					"parent": "RightLowerLeg",
					"pivot": [-2.0875, 3.15, 1.1375],
					"cubes": [
						{"origin": [-3.925, 0.475, -3.9], "size": [3.675, 3, 5.075], "pivot": [0, 1.975, -0.8625], "rotation": [9.5, 0, 0], "uv": [53, 27], "mirror": true},
						{"origin": [-3.9, 1.79073, 0.95314], "size": [3.625, 2.025, 1.225], "pivot": [-2.0875, 2.76573, 1.59064], "rotation": [3, 0, 0], "uv": [83, 60], "mirror": true},
						{"origin": [-4.025, -0.175, -4.325], "size": [3.875, 2, 4.075], "uv": [92, 64], "mirror": true},
						{"origin": [-4.025, -0.175, 0.275], "size": [3.875, 2, 2.075], "uv": [80, 54], "mirror": true},
						{"origin": [-3.65, 2.575, -3], "size": [3.175, 1, 2.075], "pivot": [-2.5875, 3.075, -2.4125], "rotation": [35, 0, 0], "uv": [0, 164], "mirror": true}
					]
				}
			]
		}
	]
}