{
	"format_version": "1.8.0",
	"animations": {
		"death": {
			"animation_length": 1,
			"bones": {
				"Leftopen": {
					"scale": [1, 0, 1]
				},
				"Rightopen": {
					"scale": [1, 0, 1]
				},
				"Rightouch": {
					"scale": [1, 0, 1]
				},
				"Leftouch": {
					"scale": [1, 0, 1]
				},
				"body": {
					"rotation": {
						"0.0": [0, 0, 0],
						"0.5": [0, 0, 90]
					},
					"position": {
						"0.0": [0, 0, 0],
						"0.25": [7.5, -2.5, 0],
						"0.5": [11, -9, 0]
					}
				}
			}
		},
		"idle": {
			"animation_length": 1.5,
			"bones": {
				"head": {
					"rotation": {
						"0.0": {
							"post": [5, 0, 0],
							"lerp_mode": "catmullrom"
						},
						"0.75": {
							"post": [0, 0, 0],
							"lerp_mode": "catmullrom"
						},
						"1.5": {
							"post": [5, 0, 0],
							"lerp_mode": "catmullrom"
						}
					},
					"position": {
						"0.0": {
							"post": [0, -0.22, 0],
							"lerp_mode": "catmullrom"
						},
						"0.5": {
							"post": [0, 0, 0],
							"lerp_mode": "catmullrom"
						},
						"1.0833": {
							"post": [0, -0.5, 0],
							"lerp_mode": "catmullrom"
						},
						"1.5": {
							"post": [0, -0.22, 0],
							"lerp_mode": "catmullrom"
						}
					}
				},
				"body": {
					"position": {
						"0.0": [0, 0, 0],
						"0.3333": [-0.00814, -0.0409, 0],
						"0.5833": [-0.003, -0.22407, 0],
						"0.75": [0, -0.3, 0],
						"0.9583": [0, -0.28645, 0],
						"1.2917": [0, -0.06792, 0],
						"1.5": [0, 0, 0]
					}
				},
				"upper": {
					"rotation": {
						"0.0": [-1.79, 0, 0],
						"0.0417": [-1.96217, 0, 0],
						"0.0833": [-2.39058, 0, 0],
						"0.125": [-2.50959, 0, 0],
						"0.1667": [-2.5, 0, 0],
						"0.5833": [-1.87375, 0, 0],
						"0.875": [-0.30114, 0, 0],
						"1.0": [0, 0, 0],
						"1.4167": [-1.48451, 0, 0],
						"1.5": [-1.79, 0, 0]
					},
					"scale": {
						"0.0": [1.01, 1.025, 1.04],
						"0.5417": [1.0013, 1.00264, 1.00423],
						"0.75": [1, 1, 1],
						"1.2917": [1.0087, 1.01796, 1.02874],
						"1.5": [1.01, 1.025, 1.04]
					}
				},
				"armRight": {
					"rotation": {
						"0.25": [0, 0, 0],
						"0.5833": [2.5, 0, 0],
						"1.0": [2.5, 0, 0],
						"1.5": [0, 0, 0]
					}
				},
				"armRightlower": {
					"rotation": {
						"0.25": [0, 0, 0],
						"0.5833": [-5, 0, 0],
						"1.0": [-5, 0, 0],
						"1.5": [0, 0, 0]
					}
				},
				"armLeft": {
					"rotation": {
						"0.25": [0, 0, 0],
						"0.5833": [2.5, 0, 0],
						"1.0": [2.5, 0, 0],
						"1.5": [0, 0, 0]
					}
				},
				"armLeftlower": {
					"rotation": {
						"0.25": [0, 0, 0],
						"0.5833": [-5, 0, 0],
						"1.0": [-5, 0, 0],
						"1.5": [0, 0, 0]
					}
				}
			}
		},
		"jump": {
			"loop": true,
			"bones": {
				"Rightouch": {
					"scale": [1, 0, 1]
				},
				"Leftouch": {
					"scale": [1, 0, 1]
				}
			}
		},
		"run": {
			"animation_length": 0.75,
			"bones": {
				"body": {
					"rotation": {
						"0.0": [0, 0, -2.5],
						"0.375": [0, 0, 2.5],
						"0.75": [0, 0, -2.5]
					},
					"position": {
						"0.0": [0, -1, 0],
						"0.25": [0, 0.5, 0],
						"0.375": [0, -1, 0],
						"0.625": [0, 0.5, 0],
						"0.75": [0, -1, 0]
					},
					"scale": {
						"0.0": [1, 1, 1],
						"0.75": [1, 1, 1]
					}
				},
				"BodyUpper": {
					"rotation": {
						"0.0": [0, 0, 5],
						"0.375": [0, 0, -5],
						"0.75": [0, 0, 5]
					}
				},
				"neck": {
					"rotation": {
						"0.0": [0, 0, 0],
						"0.2083": [5, 0, 0],
						"0.375": [0, 0, 0],
						"0.5833": [5, 0, 0],
						"0.75": [0, 0, 0]
					}
				},
				"armRight": {
					"rotation": {
						"0.0": [17.5, 0, 0],
						"0.2083": [-40, 0, 0],
						"0.375": [-27.5, 0, 0],
						"0.75": [17.5, 0, 0]
					}
				},
				"armRightlower": {
					"rotation": {
						"0.0": [52.5, 0, 0],
						"0.2083": [86.25, 0, 0],
						"0.375": [10, 0, 0],
						"0.6667": [-2.5, 0, 0],
						"0.75": [52.5, 0, 0]
					}
				},
				"righthandhoof": {
					"rotation": {
						"0.0": [30, 0, 0],
						"0.375": [0, 0, 0],
						"0.5833": [-6.67, 0, 0],
						"0.75": [30, 0, 0]
					}
				},
				"armLeft": {
					"rotation": {
						"0.0": [-27.5, 0, 0],
						"0.375": [17.5, 0, 0],
						"0.5833": [-40, 0, 0],
						"0.75": [-27.5, 0, 0]
					}
				},
				"armLeftlower": {
					"rotation": {
						"0.0": [10, 0, 0],
						"0.2917": [-2.5, 0, 0],
						"0.375": [52.5, 0, 0],
						"0.5833": [86.25, 0, 0],
						"0.75": [0, 0, 0]
					}
				},
				"lefthandhoof": {
					"rotation": {
						"0.0": [17.5, 0, 0],
						"0.2083": [-6.67, 0, 0],
						"0.375": [30, 0, 0],
						"0.75": [0, 0, 0]
					}
				},
				"head": {
					"rotation": {
						"0.0": [0, 0, -4.04],
						"0.0833": [0, 0, -7.5],
						"0.4583": [0, 0, 7.5],
						"0.75": [0, 0, -4.04]
					}
				},
				"legLeft": {
					"rotation": {
						"0.0": [35, 0, 0],
						"0.2083": [-18.75, 0, 0],
						"0.375": [-52.5, 0, 0],
						"0.75": [35, 0, 0]
					},
					"position": {
						"0.0": [0, -0.36, 0],
						"0.1667": [0, 0, 0],
						"0.4583": [0, -1, 0],
						"0.75": [0, -0.36, 0]
					}
				},
				"LegleftBone1": {
					"rotation": {
						"0.0": [0, 0, 0],
						"0.2083": [85, 0, 0],
						"0.375": [105, 0, 0],
						"0.4583": [70, 0, 0],
						"0.5833": [21, 0, 0],
						"0.75": [0, 0, 0]
					}
				},
				"LegleftBone2": {
					"rotation": {
						"0.0": [0, 0, 0],
						"0.2083": [-91.25, 0, 0],
						"0.375": [-102.5, 0, 0],
						"0.4583": [-75.42, 0, 0],
						"0.5833": [-18.75, 0, 0],
						"0.75": [0, 0, 0]
					}
				},
				"LegleftBone3": {
					"rotation": {
						"0.0": [5, 0, 0],
						"0.375": [27.5, 0, 0],
						"0.75": [0, 0, 0]
					}
				},
				"Leglefthoof": {
					"rotation": {
						"0.0": [35, 0, 0],
						"0.2083": [51.88, 0, 0],
						"0.375": [-7.5, 0, 0],
						"0.4583": [15.28, 0, 0],
						"0.5833": [-6.67, 0, 0],
						"0.75": [52.5, 0, 0]
					}
				},
				"legRight": {
					"rotation": {
						"0.0": [-52.5, 0, 0],
						"0.375": [35, 0, 0],
						"0.5833": [-18.75, 0, 0],
						"0.75": [-52.5, 0, 0]
					},
					"position": {
						"0.0": [0, -0.84, 0],
						"0.0417": [0, -1, 0],
						"0.3333": [0, -0.36, 0],
						"0.6667": [0, -1, 0],
						"0.75": [0, -0.84, 0]
					}
				},
				"LegrightBone1": {
					"rotation": {
						"0.0": [93.33, 0, 0],
						"0.0417": [70, 0, 0],
						"0.1667": [21, 0, 0],
						"0.3333": [0, 0, 0],
						"0.5417": [85, 0, 0],
						"0.7083": [105, 0, 0],
						"0.75": [93.33, 0, 0]
					}
				},
				"LegrightBone2": {
					"rotation": {
						"0.0": [-93.47, 0, 0],
						"0.0417": [-75.42, 0, 0],
						"0.1667": [-18.75, 0, 0],
						"0.3333": [0, 0, 0],
						"0.5417": [-91.25, 0, 0],
						"0.7083": [-102.5, 0, 0],
						"0.75": [-93.47, 0, 0]
					}
				},
				"LegrightBone3": {
					"rotation": {
						"0.0": [27.5, 0, 0],
						"0.375": [5, 0, 0],
						"0.75": [27.5, 0, 0]
					}
				},
				"tail": {
					"rotation": {
						"0.0": [0.82764, -11.82676, 4.07609],
						"0.0833": [-5.33761, -9.05478, 4.26175],
						"0.2917": [7.45376, 4.88119, -1.08482],
						"0.375": [0.82764, 11.82676, -4.07609],
						"0.4583": [-5.08377, 4.53051, -2.11751],
						"0.6667": [7.45376, -4.88119, 1.08482],
						"0.75": [0.82764, -11.82676, 4.07609]
					}
				},
				"tail1": {
					"rotation": {
						"0.0": [5.25, -7.2, 2.08],
						"0.0833": [0.82764, -11.82676, 4.07609],
						"0.1667": [-5.33761, -9.05478, 4.26175],
						"0.3333": [7.45376, 4.88119, -1.08482],
						"0.4583": [0.82764, 11.82676, -4.07609],
						"0.5417": [-5.08377, 4.53051, -2.11751],
						"0.7083": [7.45376, -4.88119, 1.08482],
						"0.75": [5.25, -7.2, 2.08]
					}
				},
				"tail2": {
					"rotation": {
						"0.0": [5.17003, 1.43622, 12.11875],
						"0.0417": [7.12405, -3.15282, 5.78834],
						"0.125": [-7.11638, -10.69574, 6.34943],
						"0.2083": [-5.33761, -9.05478, 4.26175],
						"0.4167": [6.93758, 1.40332, -10.47617],
						"0.5": [-7.86238, 8.38662, -10.84686],
						"0.5833": [-5.08377, 4.53051, -2.11751],
						"0.75": [5.17003, 1.43622, 12.11875]
					}
				},
				"tail3": {
					"rotation": {
						"0.0": [3.54318, 19.96479, 1.21116],
						"0.0833": [7.67995, 12.39135, 1.6575],
						"0.25": [-32.57673, -9.96156, 0.88045],
						"0.4583": [8.11003, -22.29711, -3.09472],
						"0.625": [-25.07673, 9.96156, -0.88045],
						"0.75": [3.54318, 19.96479, 1.21116]
					}
				},
				"Rightouch": {
					"scale": [1, 0, 1]
				},
				"Leftouch": {
					"scale": [1, 0, 1]
				}
			}
		},
		"walk": {
			"animation_length": 0.75,
			"bones": {
				"body": {
					"rotation": {
						"0.0": [0, 0, -2.5],
						"0.375": [0, 0, 2.5],
						"0.75": [0, 0, -2.5]
					},
					"position": {
						"0.0": [0, -1, 0],
						"0.25": [0, 0.5, 0],
						"0.375": [0, -1, 0],
						"0.625": [0, 0.5, 0],
						"0.75": [0, -1, 0]
					},
					"scale": {
						"0.0": [1, 1, 1],
						"0.75": [1, 1, 1]
					}
				},
				"BodyUpper": {
					"rotation": {
						"0.0": [0, 0, 5],
						"0.375": [0, 0, -5],
						"0.75": [0, 0, 5]
					}
				},
				"neck": {
					"rotation": {
						"0.0": [0, 0, 0],
						"0.2083": [5, 0, 0],
						"0.375": [0, 0, 0],
						"0.5833": [5, 0, 0],
						"0.75": [0, 0, 0]
					}
				},
				"armRight": {
					"rotation": {
						"0.0": [17.5, 0, 0],
						"0.2083": [-40, 0, 0],
						"0.375": [-27.5, 0, 0],
						"0.75": [17.5, 0, 0]
					}
				},
				"armRightlower": {
					"rotation": {
						"0.0": [52.5, 0, 0],
						"0.2083": [86.25, 0, 0],
						"0.375": [10, 0, 0],
						"0.6667": [-2.5, 0, 0],
						"0.75": [52.5, 0, 0]
					}
				},
				"righthandhoof": {
					"rotation": {
						"0.0": [30, 0, 0],
						"0.375": [0, 0, 0],
						"0.5833": [-6.67, 0, 0],
						"0.75": [30, 0, 0]
					}
				},
				"armLeft": {
					"rotation": {
						"0.0": [-27.5, 0, 0],
						"0.375": [17.5, 0, 0],
						"0.5833": [-40, 0, 0],
						"0.75": [-27.5, 0, 0]
					}
				},
				"armLeftlower": {
					"rotation": {
						"0.0": [10, 0, 0],
						"0.2917": [-2.5, 0, 0],
						"0.375": [52.5, 0, 0],
						"0.5833": [86.25, 0, 0],
						"0.75": [0, 0, 0]
					}
				},
				"lefthandhoof": {
					"rotation": {
						"0.0": [17.5, 0, 0],
						"0.2083": [-6.67, 0, 0],
						"0.375": [30, 0, 0],
						"0.75": [0, 0, 0]
					}
				},
				"head": {
					"rotation": {
						"0.0": [0, 0, -4.04],
						"0.0833": [0, 0, -7.5],
						"0.4583": [0, 0, 7.5],
						"0.75": [0, 0, -4.04]
					}
				},
				"legLeft": {
					"rotation": {
						"0.0": [35, 0, 0],
						"0.2083": [-18.75, 0, 0],
						"0.375": [-52.5, 0, 0],
						"0.75": [35, 0, 0]
					},
					"position": {
						"0.0": [0, -0.36, 0],
						"0.1667": [0, 0, 0],
						"0.4583": [0, -1, 0],
						"0.75": [0, -0.36, 0]
					}
				},
				"LegleftBone1": {
					"rotation": {
						"0.0": [0, 0, 0],
						"0.2083": [85, 0, 0],
						"0.375": [105, 0, 0],
						"0.4583": [70, 0, 0],
						"0.5833": [21, 0, 0],
						"0.75": [0, 0, 0]
					}
				},
				"LegleftBone2": {
					"rotation": {
						"0.0": [0, 0, 0],
						"0.2083": [-91.25, 0, 0],
						"0.375": [-102.5, 0, 0],
						"0.4583": [-75.42, 0, 0],
						"0.5833": [-18.75, 0, 0],
						"0.75": [0, 0, 0]
					}
				},
				"LegleftBone3": {
					"rotation": {
						"0.0": [5, 0, 0],
						"0.375": [27.5, 0, 0],
						"0.75": [0, 0, 0]
					}
				},
				"Leglefthoof": {
					"rotation": {
						"0.0": [35, 0, 0],
						"0.2083": [51.88, 0, 0],
						"0.375": [-7.5, 0, 0],
						"0.4583": [15.28, 0, 0],
						"0.5833": [-6.67, 0, 0],
						"0.75": [52.5, 0, 0]
					}
				},
				"legRight": {
					"rotation": {
						"0.0": [-52.5, 0, 0],
						"0.375": [35, 0, 0],
						"0.5833": [-18.75, 0, 0],
						"0.75": [-52.5, 0, 0]
					},
					"position": {
						"0.0": [0, -0.84, 0],
						"0.0417": [0, -1, 0],
						"0.3333": [0, -0.36, 0],
						"0.6667": [0, -1, 0],
						"0.75": [0, -0.84, 0]
					}
				},
				"LegrightBone1": {
					"rotation": {
						"0.0": [93.33, 0, 0],
						"0.0417": [70, 0, 0],
						"0.1667": [21, 0, 0],
						"0.3333": [0, 0, 0],
						"0.5417": [85, 0, 0],
						"0.7083": [105, 0, 0],
						"0.75": [93.33, 0, 0]
					}
				},
				"LegrightBone2": {
					"rotation": {
						"0.0": [-93.47, 0, 0],
						"0.0417": [-75.42, 0, 0],
						"0.1667": [-18.75, 0, 0],
						"0.3333": [0, 0, 0],
						"0.5417": [-91.25, 0, 0],
						"0.7083": [-102.5, 0, 0],
						"0.75": [-93.47, 0, 0]
					}
				},
				"LegrightBone3": {
					"rotation": {
						"0.0": [27.5, 0, 0],
						"0.375": [5, 0, 0],
						"0.75": [27.5, 0, 0]
					}
				},
				"tail": {
					"rotation": {
						"0.0": [0.82764, -11.82676, 4.07609],
						"0.0833": [-5.33761, -9.05478, 4.26175],
						"0.2917": [7.45376, 4.88119, -1.08482],
						"0.375": [0.82764, 11.82676, -4.07609],
						"0.4583": [-5.08377, 4.53051, -2.11751],
						"0.6667": [7.45376, -4.88119, 1.08482],
						"0.75": [0.82764, -11.82676, 4.07609]
					}
				},
				"tail1": {
					"rotation": {
						"0.0": [5.25, -7.2, 2.08],
						"0.0833": [0.82764, -11.82676, 4.07609],
						"0.1667": [-5.33761, -9.05478, 4.26175],
						"0.3333": [7.45376, 4.88119, -1.08482],
						"0.4583": [0.82764, 11.82676, -4.07609],
						"0.5417": [-5.08377, 4.53051, -2.11751],
						"0.7083": [7.45376, -4.88119, 1.08482],
						"0.75": [5.25, -7.2, 2.08]
					}
				},
				"tail2": {
					"rotation": {
						"0.0": [5.17003, 1.43622, 12.11875],
						"0.0417": [7.12405, -3.15282, 5.78834],
						"0.125": [-7.11638, -10.69574, 6.34943],
						"0.2083": [-5.33761, -9.05478, 4.26175],
						"0.4167": [6.93758, 1.40332, -10.47617],
						"0.5": [-7.86238, 8.38662, -10.84686],
						"0.5833": [-5.08377, 4.53051, -2.11751],
						"0.75": [5.17003, 1.43622, 12.11875]
					}
				},
				"tail3": {
					"rotation": {
						"0.0": [3.54318, 19.96479, 1.21116],
						"0.0833": [7.67995, 12.39135, 1.6575],
						"0.25": [-32.57673, -9.96156, 0.88045],
						"0.4583": [8.11003, -22.29711, -3.09472],
						"0.625": [-25.07673, 9.96156, -0.88045],
						"0.75": [3.54318, 19.96479, 1.21116]
					}
				},
				"Rightouch": {
					"scale": [1, 0, 1]
				},
				"Leftouch": {
					"scale": [1, 0, 1]
				}
			}
		},
		"sleep": {
			"loop": true,
			"bones": {
				"body": {
					"rotation": [-92.5, -90, 0],
					"position": [-3, -3, -4]
				},
				"BodyUpper": {
					"rotation": [24.66569, 4.20854, -9.07947]
				},
				"neck": {
					"rotation": [62.13918, 8.86042, -4.65468]
				},
				"head": {
					"rotation": [13.2593, 21.66818, -5.26519]
				},
				"Leftopen": {
					"scale": [1, 0, 1]
				},
				"Leftclose": {
					"scale": 1
				},
				"eyeRight": {
					"scale": 1
				},
				"Rightopen": {
					"scale": [1, 0, 1]
				},
				"Rightclose": {
					"scale": 1
				},
				"armRight": {
					"rotation": [10, 0, -25]
				},
				"armRightlower": {
					"rotation": [-60, 0, 0]
				},
				"bone": {
					"rotation": [27.5, 0, 0]
				},
				"armLeft": {
					"rotation": [39.02504, -9.57658, 11.59948]
				},
				"armLeftlower": {
					"rotation": [-72.5, 0, 0]
				},
				"legLeft": {
					"rotation": [45, 0, 0]
				},
				"LegleftBone1": {
					"rotation": [35, 0, 0]
				},
				"LegleftBone2": {
					"rotation": [-50, 0, 0]
				},
				"LegleftBone3": {
					"rotation": [25, 0, 0]
				},
				"Leglefthoof": {
					"rotation": [35, 0, 0]
				},
				"legRight": {
					"rotation": [21.97262, 24.82343, -11.43072]
				},
				"LegrightBone1": {
					"rotation": [45, 0, 0]
				},
				"LegrightBone2": {
					"rotation": [-55, 0, 0]
				},
				"LegrightBone3": {
					"rotation": [30, 0, 0]
				},
				"Legrighthoof4": {
					"rotation": [15, 0, 0]
				},
				"tail": {
					"rotation": [37.39621, 14.42052, 23.4066]
				},
				"tail1": {
					"rotation": [60.44484, 42.74723, 50.03608]
				},
				"tail2": {
					"rotation": [87.27358, -0.69471, 3.16243]
				},
				"tail3": {
					"rotation": [0, -62.5, 0]
				},
				"Rightouch": {
					"scale": [1, 0, 1]
				},
				"Leftouch": {
					"scale": [1, 0, 1]
				}
			}
		},
		"swim_stand": {
			"animation_length": 1.25,
			"bones": {
				"body": {
					"position": {
						"0.0": [0, -3.75, 0],
						"0.625": [0, -4.25, 0],
						"1.25": [0, -3.75, 0]
					}
				},
				"armRight": {
					"rotation": {
						"0.0": [26.69458, 6.86379, -13.36965],
						"0.25": [-49.15271, 3.43189, -6.68482],
						"0.625": [-5, 0, 0],
						"0.7083": [7.5, 0, 0],
						"0.9167": [48.34729, 3.43189, -6.68482],
						"1.25": [26.69458, 6.86379, -13.36965]
					},
					"position": {
						"0.0": [-0.5, 1, -1],
						"0.625": [0, 0, 0],
						"0.7083": [0, 0, 0],
						"1.25": [-0.5, 1, -1]
					}
				},
				"armRightlower": {
					"rotation": {
						"0.0": [-125, 0, 0],
						"0.25": [-6.25, 0, 0],
						"0.625": [22.5, 0, 0],
						"0.7083": [22.5, 0, 0],
						"0.9167": [-81.25, 0, 0],
						"1.25": [-125, 0, 0]
					}
				},
				"righthandhoof": {
					"rotation": {
						"0.0": [77.5, 0, 0],
						"0.2917": [2.5, 0, 0],
						"0.625": [54.17, 0, 0],
						"1.25": [77.5, 0, 0]
					}
				},
				"armLeft": {
					"rotation": {
						"0.0": [-5, 0, 0],
						"0.0417": [7.5, 0, 0],
						"0.25": [48.34729, -3.43189, 6.68482],
						"0.5833": [26.69458, -6.86379, 13.36965],
						"0.625": [26.69458, -6.86379, 13.36965],
						"0.875": [-49.15271, -3.43189, 6.68482],
						"1.25": [-5, 0, 0]
					},
					"position": {
						"0.0": [0, 0, 0],
						"0.0417": [0, 0, 0],
						"0.5833": [0.5, 1, -1],
						"0.625": [0.5, 1, -1],
						"1.25": [0, 0, 0]
					}
				},
				"armLeftlower": {
					"rotation": {
						"0.0": [22.5, 0, 0],
						"0.0417": [22.5, 0, 0],
						"0.25": [-81.25, 0, 0],
						"0.5833": [-125, 0, 0],
						"0.625": [-125, 0, 0],
						"0.875": [-6.25, 0, 0],
						"1.25": [22.5, 0, 0]
					}
				},
				"lefthandhoof": {
					"rotation": {
						"0.0": [54.17, 0, 0],
						"0.625": [77.5, 0, 0],
						"0.9167": [2.5, 0, 0],
						"1.25": [54.17, 0, 0]
					}
				},
				"legLeft": {
					"rotation": {
						"0.0": [-56.77923, -8.39114, -5.45915],
						"0.25": [3.73577, 0.3266, -4.98935],
						"0.5833": [-36.63399, -4.49177, -6.01233],
						"0.875": [-82.47168, -4.95712, -0.65426],
						"1.2083": [-69.29787, -4.67864, -1.76559],
						"1.25": [-56.77923, -8.39114, -5.45915]
					}
				},
				"LegleftBone1": {
					"rotation": {
						"0.0": [4.38, 0, 0],
						"0.25": [-22.5, 0, 0],
						"0.5833": [91.25, 0, 0],
						"0.875": [125, 0, 0],
						"1.2083": [33.75, 0, 0],
						"1.25": [4.38, 0, 0]
					}
				},
				"LegleftBone2": {
					"rotation": {
						"0.0": [-20.63, 0, 0],
						"0.25": [27.5, 0, 0],
						"0.5833": [-88.75, 0, 0],
						"0.875": [-130, 0, 0],
						"1.2083": [-36.25, 0, 0],
						"1.25": [-20.63, 0, 0]
					}
				},
				"LegleftBone3": {
					"rotation": {
						"0.0": [26.11, 0, 0],
						"0.25": [27.5, 0, 0],
						"0.5833": [22.5, 0, 0],
						"1.25": [26.11, 0, 0]
					}
				},
				"Leglefthoof": {
					"rotation": {
						"0.0": [32.5, 0, 0],
						"0.2917": [50, 0, 0],
						"0.9167": [12.5, 0, 0],
						"1.25": [32.5, 0, 0]
					}
				},
				"legRight": {
					"rotation": {
						"0.0": [-36.63399, 4.49177, 6.01233],
						"0.25": [-82.47168, 4.95712, 0.65426],
						"0.5833": [-69.29787, 4.67864, 1.76559],
						"0.625": [-56.77923, 8.39114, 5.45915],
						"0.875": [3.73577, -0.3266, 4.98935],
						"1.2083": [-36.63399, 4.49177, 6.01233]
					}
				},
				"LegrightBone1": {
					"rotation": {
						"0.0": [91.25, 0, 0],
						"0.25": [125, 0, 0],
						"0.5833": [33.75, 0, 0],
						"0.625": [4.38, 0, 0],
						"0.875": [-22.5, 0, 0],
						"1.2083": [91.25, 0, 0]
					}
				},
				"LegrightBone2": {
					"rotation": {
						"0.0": [-88.75, 0, 0],
						"0.25": [-130, 0, 0],
						"0.5833": [-36.25, 0, 0],
						"0.625": [-20.63, 0, 0],
						"0.875": [27.5, 0, 0],
						"1.2083": [-88.75, 0, 0]
					}
				},
				"LegrightBone3": {
					"rotation": {
						"0.0": [22.5, 0, 0],
						"0.625": [26.11, 0, 0],
						"0.875": [27.5, 0, 0],
						"1.2083": [22.5, 0, 0]
					}
				},
				"Legrighthoof4": {
					"rotation": {
						"0.0": [77.5, 0, 0],
						"0.2917": [2.5, 0, 0],
						"0.625": [54.17, 0, 0]
					}
				},
				"tail1": {
					"rotation": {
						"0.0": [-16.4, 0, 0],
						"0.25": [-18, 0, 0],
						"0.875": [-14, 0, 0],
						"1.25": [-16.4, 0, 0]
					}
				},
				"tail2": {
					"rotation": {
						"0.0": [46.92998, 3.64565, -70.03144],
						"0.625": [46.78967, -8.395, -66.66481],
						"1.25": [46.92998, 3.64565, -70.03144]
					}
				},
				"tail3": {
					"rotation": {
						"0.0": [0, 34.64, 0],
						"0.25": [0, 42.5, 0],
						"0.8333": [0, 15, 0],
						"1.25": [0, 34.64, 0]
					}
				}
			}
		},
		"attacked": {
			"loop": true,
			"bones": {
				"Leftopen": {
					"scale": [1, 0, 1]
				},
				"Leftclose": {
					"scale": [1, 0, 1]
				},
				"Rightopen": {
					"scale": [1, 0, 1]
				},
				"Rightclose": {
					"scale": [1, 0, 1]
				},
				"Rightouch": {
					"scale": 1
				},
				"Leftouch": {
					"scale": 1
				}
			}
		},
		"pre_parallel0": {
			"animation_length": 3,
			"bones": {
				"Leftopen": {
					"scale": {
						"0.0": [1, 1, 1],
						"0.5": [1, 1, 1],
						"0.5417": [1, 0, 1],
						"0.625": [1, 0, 1],
						"0.6667": [1, 1, 1]
					}
				},
				"Leftclose": {
					"scale": {
						"0.0": [1, 0, 1],
						"0.5": [1, 0, 1],
						"0.5417": [1, 1, 1],
						"0.625": [1, 1, 1],
						"0.6667": [1, 0, 1]
					}
				},
				"Rightopen": {
					"scale": {
						"0.0": [1, 1, 1],
						"0.5": [1, 1, 1],
						"0.5417": [1, 0, 1],
						"0.625": [1, 0, 1],
						"0.6667": [1, 1, 1]
					}
				},
				"Rightclose": {
					"scale": {
						"0.0": [1, 0, 1],
						"0.5": [1, 0, 1],
						"0.5417": [1, 1, 1],
						"0.625": [1, 1, 1],
						"0.6667": [1, 0, 1]
					}
				},
				"Rightouch": {
					"scale": [1, 0, 1]
				},
				"Leftouch": {
					"scale": [1, 0, 1]
				}
			}
		},
		"pre_parallel1": {
			"animation_length": 9.9583,
			"bones": {
				"Leftiris": {
					"position": {
						"0.0": [0, 0, 0],
						"5.125": [0, 0, 0],
						"5.25": [0, 0, 0.75],
						"7.4167": [0, 0, 0.75],
						"7.5417": [0, -0.25, 0],
						"9.8333": [0, -0.25, 0],
						"9.9583": [0, 0, 0]
					}
				},
				"Rightiris": {
					"position": {
						"0.0": [0, 0, 0],
						"5.125": [0, 0, 0],
						"5.25": [0, 0.25, 0],
						"7.4167": [0, 0.25, 0],
						"7.5417": [0, -0.25, 0.75],
						"9.8333": [0, -0.25, 0.75],
						"9.9583": [0, 0, 0]
					}
				}
			}
		},
		"pre_parallel2": {
			"animation_length": 10,
			"bones": {
				"neck": {
					"rotation": {
						"0.0": [0, 0, 0],
						"0.4583": [0, -10, 0],
						"2.4167": [0, -10, 0],
						"2.8333": [-2.81797, 27.47162, -1.30078],
						"4.625": [-2.81797, 27.47162, -1.30078],
						"4.9583": [0, 0, 0]
					}
				},
				"head": {
					"rotation": {
						"0.0": [2.5, 0, 0],
						"0.0417": [0.984, -1.00809, 0.19383],
						"0.0833": [-0.28874, -4.65759, 0.72337],
						"0.125": [-1.18216, -11.20486, 1.5329],
						"0.1667": [-1.74453, -17.75213, 2.58775],
						"0.2083": [-2.0261, -21.40163, 3.87202],
						"0.25": [-2.06754, -22.40972, 5.40961],
						"0.2917": [-2.08323, -22.51887, 7.53342],
						"0.3333": [-2.31227, -23.01812, 9.07254],
						"0.375": [-2.86449, -23.98636, 10.14984],
						"0.4167": [-3.86978, -24.48562, 10.79386],
						"0.4583": [-4.62934, -24.59477, 11.00966],
						"1.0": [-4.62934, -24.59477, 11.00966],
						"1.5417": [-4.62934, -24.59477, 11.00966],
						"2.0833": [-4.62934, -24.59477, 11.00966],
						"2.4167": [-4.62934, -24.59477, 11.00966],
						"2.4583": [1.32842, -23.61282, 10.52482],
						"2.5": [3.50967, -17.31952, 8.96098],
						"2.5417": [4.41097, -11.02622, 6.0599],
						"2.5833": [4.69059, -10.04427, 1.09772],
						"2.625": [4.63039, -8.62117, -0.59403],
						"2.6667": [4.30297, -3.90619, -2.052],
						"2.7083": [3.64192, 3.70819, -3.28668],
						"2.75": [2.54991, 11.32256, -4.26818],
						"2.7917": [0.89571, 16.03755, -4.93878],
						"2.8333": [-0.90906, 17.46065, -5.1972],
						"3.375": [-0.90906, 17.46065, -5.1972],
						"3.9167": [-0.90906, 17.46065, -5.1972],
						"4.4583": [-0.90906, 17.46065, -5.1972],
						"4.625": [-0.90906, 17.46065, -5.1972],
						"4.6667": [-0.43645, 16.58507, -4.93658],
						"4.7083": [0.10893, 14.5054, -4.31756],
						"4.75": [0.65375, 11.76619, -3.50223],
						"4.8333": [1.68911, 5.69446, -1.69497],
						"4.875": [2.14931, 2.95525, -0.87964],
						"4.9167": [2.52122, 0.87558, -0.26062],
						"4.9583": [2.5, 0, 0]
					}
				}
			}
		},
		"pre_parallel3": {
			"animation_length": 5,
			"bones": {
				"earRight": {
					"rotation": {
						"0.0": [0, 0, 0],
						"1.5417": [0, 0, 0],
						"1.625": [37.24267, -30.59779, -83.81602],
						"1.7083": [0, 0, 0],
						"1.7917": [37.24267, -30.59779, -83.81602],
						"1.875": [0, 0, 0]
					}
				},
				"earLeft": {
					"rotation": {
						"3.0": [0, 0, 0],
						"3.0833": [-18.98558, 53.44638, 14.24782],
						"3.1667": [0, 0, 0]
					}
				}
			}
		},
		"pre_parallel4": {
			"animation_length": 5,
			"bones": {
				"earRight": {
					"rotation": [0, 0, 0]
				},
				"magic": {
					"scale": 0
				},
				"hornmagic": {
					"scale": 0
				},
				"magicLeft": {
					"scale": 0
				}
			}
		},
		"pre_parallel5": {
			"animation_length": 0.0417,
			"bones": {
				"LeftWaistLocator": {
					"scale": 0.65
				},
				"RightWaistLocator": {
					"scale": 0.65
				}
			}
		},
		"----------------sit---------------": {
			"loop": true
		},
		"sit": {
			"animation_length": 3.0417,
			"bones": {
				"body": {
					"rotation": [-65, 0, 0],
					"position": [0, -7, 0]
				},
				"BodyUpper": {
					"rotation": {
						"0.0": [-10, 0, 0],
						"1.5": [-10.5, 0, 0],
						"2.9583": [-10, 0, 0]
					}
				},
				"neck": {
					"rotation": [80, 0, 0]
				},
				"armRight": {
					"rotation": [74.9453, 4.82922, -1.29717],
					"position": [0, 0, -1]
				},
				"armLeft": {
					"rotation": [74.9453, -4.82922, 1.29717],
					"position": [0, 0, -1]
				},
				"legLeft": {
					"rotation": [10.03793, -0.43399, -9.99067]
				},
				"LegleftBone1": {
					"rotation": [77.5, 0, 0]
				},
				"LegleftBone2": {
					"rotation": [-143.43866, -12.2403, 8.73739]
				},
				"LegleftBone3": {
					"rotation": [30, 0, 0]
				},
				"Leglefthoof": {
					"rotation": [60, 0, 0]
				},
				"legRight": {
					"rotation": [22.19157, -3.81024, 9.25249]
				},
				"LegrightBone1": {
					"rotation": [79.00203, 22.74008, 28.74861]
				},
				"LegrightBone2": {
					"rotation": [-148.17815, -9.54385, 8.11019]
				},
				"LegrightBone3": {
					"rotation": [27.5, 0, 0]
				},
				"Legrighthoof4": {
					"rotation": [72.5, 0, 0]
				},
				"tail": {
					"rotation": [-7.19639, -23.21202, 20.46904]
				},
				"tail1": {
					"rotation": [-16.45782, -29.921, 25.00297]
				},
				"tail2": {
					"rotation": [14.03231, -17.49616, -0.66326]
				},
				"breatheblock": {
					"position": {
						"0.0": [0, 0, 0],
						"1.5": [0, -0.05, -0.1],
						"3.0417": [0, 0, 0]
					},
					"scale": {
						"0.0": [1, 1, 1],
						"1.5": [1, 1.05, 1.05],
						"3.0417": [1, 1, 1]
					}
				}
			}
		},
		"chair": {
			"animation_length": 3.0417,
			"bones": {
				"body": {
					"rotation": [-65, 0, 0],
					"position": [0, -7, 0]
				},
				"BodyUpper": {
					"rotation": {
						"0.0": [-10, 0, 0],
						"1.5": [-10.5, 0, 0],
						"2.9583": [-10, 0, 0]
					}
				},
				"neck": {
					"rotation": [80, 0, 0]
				},
				"armRight": {
					"rotation": [74.9453, 4.82922, -1.29717],
					"position": [0, 0, -1]
				},
				"armLeft": {
					"rotation": [74.9453, -4.82922, 1.29717],
					"position": [0, 0, -1]
				},
				"legLeft": {
					"rotation": [10.03793, -0.43399, -9.99067]
				},
				"LegleftBone1": {
					"rotation": [77.5, 0, 0]
				},
				"LegleftBone2": {
					"rotation": [-143.43866, -12.2403, 8.73739]
				},
				"LegleftBone3": {
					"rotation": [30, 0, 0]
				},
				"Leglefthoof": {
					"rotation": [60, 0, 0]
				},
				"legRight": {
					"rotation": [22.19157, -3.81024, 9.25249]
				},
				"LegrightBone1": {
					"rotation": [79.00203, 22.74008, 28.74861]
				},
				"LegrightBone2": {
					"rotation": [-148.17815, -9.54385, 8.11019]
				},
				"LegrightBone3": {
					"rotation": [27.5, 0, 0]
				},
				"Legrighthoof4": {
					"rotation": [72.5, 0, 0]
				},
				"tail": {
					"rotation": [-7.19639, -23.21202, 20.46904]
				},
				"tail1": {
					"rotation": {
						"0.0": [-16.45782, -29.921, 25.00297],
						"0.5": [-11.79965, -26.90173, 20.47047]
					}
				},
				"tail2": {
					"rotation": {
						"0.0": [14.03231, -17.49616, -0.66326],
						"0.5": [11.44947, 37.61619, 22.23578]
					}
				},
				"breatheblock": {
					"position": {
						"0.0": [0, 0, 0],
						"1.5": [0, -0.05, -0.1],
						"3.0417": [0, 0, 0]
					},
					"scale": {
						"0.0": [1, 1, 1],
						"1.5": [1, 1.05, 1.05],
						"3.0417": [1, 1, 1]
					}
				},
				"tail3": {
					"rotation": {
						"0.0": [0, 0, 0],
						"0.5": [-37.5, 0, 0]
					}
				}
			}
		},
		"boat": {
			"animation_length": 3.0417,
			"bones": {
				"body": {
					"rotation": [-65, 0, 0],
					"position": [0, -7, 0]
				},
				"BodyUpper": {
					"rotation": {
						"0.0": [-10, 0, 0],
						"1.5": [-10.5, 0, 0],
						"2.9583": [-10, 0, 0]
					}
				},
				"neck": {
					"rotation": [80, 0, 0]
				},
				"armRight": {
					"rotation": [74.9453, 4.82922, -1.29717],
					"position": [0, 0, -1]
				},
				"armLeft": {
					"rotation": [74.9453, -4.82922, 1.29717],
					"position": [0, 0, -1]
				},
				"legLeft": {
					"rotation": [10.03793, -0.43399, -9.99067]
				},
				"LegleftBone1": {
					"rotation": [77.5, 0, 0]
				},
				"LegleftBone2": {
					"rotation": [-143.43866, -12.2403, 8.73739]
				},
				"LegleftBone3": {
					"rotation": [30, 0, 0]
				},
				"Leglefthoof": {
					"rotation": [60, 0, 0]
				},
				"legRight": {
					"rotation": [22.19157, -3.81024, 9.25249]
				},
				"LegrightBone1": {
					"rotation": [79.00203, 22.74008, 28.74861]
				},
				"LegrightBone2": {
					"rotation": [-148.17815, -9.54385, 8.11019]
				},
				"LegrightBone3": {
					"rotation": [27.5, 0, 0]
				},
				"Legrighthoof4": {
					"rotation": [72.5, 0, 0]
				},
				"tail": {
					"rotation": [-7.19639, -23.21202, 20.46904]
				},
				"tail1": {
					"rotation": {
						"0.0": [-16.45782, -29.921, 25.00297],
						"0.5": [-46.53016, -0.28973, 39.87754]
					}
				},
				"tail2": {
					"rotation": {
						"0.0": [14.03231, -17.49616, -0.66326],
						"0.5": [13.38494, 36.01465, 9.91634]
					}
				},
				"breatheblock": {
					"position": {
						"0.0": [0, 0, 0],
						"1.5": [0, -0.05, -0.1],
						"3.0417": [0, 0, 0]
					},
					"scale": {
						"0.0": [1, 1, 1],
						"0.75": [1, 1.12, 1.03],
						"1.5": [1, 1.05, 1.05],
						"3.0417": [1, 1, 1]
					}
				},
				"tail3": {
					"rotation": {
						"0.0": [0, 0, 0],
						"0.5": [-19.50074, 20.48608, -2.11878]
					}
				}
			}
		},
		"--------------maid-------------": {
			"loop": true
		},
		"hold_mainhand:picnic_basket": {
			"loop": true,
			"bones": {
				"RightHandLocator": {
					"rotation": [-17.5, 0, 0]
				}
			}
		},
		"gomoku": {
			"animation_length": 3.0417,
			"bones": {
				"body": {
					"rotation": [-65, 0, 0],
					"position": [0, -7, 0]
				},
				"BodyUpper": {
					"rotation": {
						"0.0": [-10, 0, 0],
						"1.5": [-10.5, 0, 0],
						"2.9583": [-10, 0, 0]
					}
				},
				"breatheblock": {
					"position": {
						"0.0": [0, 0, 0],
						"1.5": [0, -0.05, -0.1],
						"3.0417": [0, 0, 0]
					},
					"scale": {
						"0.0": [1, 1, 1],
						"1.5": [1, 1.05, 1.05],
						"3.0417": [1, 1, 1]
					}
				},
				"neck": {
					"rotation": [80, 0, 0]
				},
				"armRight": {
					"rotation": [74.9453, 4.82922, -1.29717],
					"position": [0, 0, -1]
				},
				"armLeft": {
					"rotation": [74.9453, -4.82922, 1.29717],
					"position": [0, 0, -1]
				},
				"legLeft": {
					"rotation": [10.03793, -0.43399, -9.99067]
				},
				"LegleftBone1": {
					"rotation": [77.5, 0, 0]
				},
				"LegleftBone2": {
					"rotation": [-143.43866, -12.2403, 8.73739]
				},
				"LegleftBone3": {
					"rotation": [30, 0, 0]
				},
				"Leglefthoof": {
					"rotation": [60, 0, 0]
				},
				"legRight": {
					"rotation": [22.19157, -3.81024, 9.25249]
				},
				"LegrightBone1": {
					"rotation": [79.00203, 22.74008, 28.74861]
				},
				"LegrightBone2": {
					"rotation": [-148.17815, -9.54385, 8.11019]
				},
				"LegrightBone3": {
					"rotation": [27.5, 0, 0]
				},
				"Legrighthoof4": {
					"rotation": [72.5, 0, 0]
				},
				"tail": {
					"rotation": [-7.19639, -23.21202, 20.46904]
				},
				"tail1": {
					"rotation": [-16.45782, -29.921, 25.00297]
				},
				"tail2": {
					"rotation": [14.03231, -17.49616, -0.66326]
				}
			}
		},
		"picnic": {
			"animation_length": 3.0417,
			"bones": {
				"body": {
					"rotation": [-65, 0, 0],
					"position": [0, -6, 0]
				},
				"BodyUpper": {
					"rotation": {
						"0.0": [-10, 0, 0],
						"1.5": [-10.5, 0, 0],
						"2.9583": [-10, 0, 0]
					}
				},
				"breatheblock": {
					"position": {
						"0.0": [0, 0, 0],
						"1.5": [0, -0.05, -0.1],
						"3.0417": [0, 0, 0]
					},
					"scale": {
						"0.0": [1, 1, 1],
						"1.5": [1, 1.05, 1.05],
						"3.0417": [1, 1, 1]
					}
				},
				"neck": {
					"rotation": [80, 0, 0]
				},
				"armRight": {
					"rotation": [74.9453, 4.82922, -1.29717],
					"position": [0, 0, -1]
				},
				"armLeft": {
					"rotation": [74.9453, -4.82922, 1.29717],
					"position": [0, 0, -1]
				},
				"legLeft": {
					"rotation": [10.03793, -0.43399, -9.99067]
				},
				"LegleftBone1": {
					"rotation": [77.5, 0, 0]
				},
				"LegleftBone2": {
					"rotation": [-143.43866, -12.2403, 8.73739]
				},
				"LegleftBone3": {
					"rotation": [30, 0, 0]
				},
				"Leglefthoof": {
					"rotation": [60, 0, 0]
				},
				"legRight": {
					"rotation": [22.19157, -3.81024, 9.25249]
				},
				"LegrightBone1": {
					"rotation": [79.00203, 22.74008, 28.74861]
				},
				"LegrightBone2": {
					"rotation": [-148.17815, -9.54385, 8.11019]
				},
				"LegrightBone3": {
					"rotation": [27.5, 0, 0]
				},
				"Legrighthoof4": {
					"rotation": [72.5, 0, 0]
				},
				"tail": {
					"rotation": [-7.19639, -23.21202, 20.46904]
				},
				"tail1": {
					"rotation": [-16.45782, -29.921, 25.00297]
				},
				"tail2": {
					"rotation": [14.03231, -17.49616, -0.66326]
				}
			}
		},
		"bookshelf": {
			"animation_length": 3.0417,
			"bones": {
				"body": {
					"rotation": [-65, 0, 0],
					"position": [0, -7, 0]
				},
				"BodyUpper": {
					"rotation": {
						"0.0": [-10, 0, 0],
						"1.5": [-10.5, 0, 0],
						"2.9583": [-10, 0, 0]
					}
				},
				"breatheblock": {
					"position": {
						"0.0": [0, 0, 0],
						"1.5": [0, -0.05, -0.1],
						"3.0417": [0, 0, 0]
					},
					"scale": {
						"0.0": [1, 1, 1],
						"1.5": [1, 1.05, 1.05],
						"3.0417": [1, 1, 1]
					}
				},
				"neck": {
					"rotation": [80, 0, 0]
				},
				"armRight": {
					"rotation": [74.9453, 4.82922, -1.29717],
					"position": [0, 0, -1]
				},
				"armLeft": {
					"rotation": [74.9453, -4.82922, 1.29717],
					"position": [0, 0, -1]
				},
				"legLeft": {
					"rotation": [10.03793, -0.43399, -9.99067]
				},
				"LegleftBone1": {
					"rotation": [77.5, 0, 0]
				},
				"LegleftBone2": {
					"rotation": [-143.43866, -12.2403, 8.73739]
				},
				"LegleftBone3": {
					"rotation": [30, 0, 0]
				},
				"Leglefthoof": {
					"rotation": [60, 0, 0]
				},
				"legRight": {
					"rotation": [22.19157, -3.81024, 9.25249]
				},
				"LegrightBone1": {
					"rotation": [79.00203, 22.74008, 28.74861]
				},
				"LegrightBone2": {
					"rotation": [-148.17815, -9.54385, 8.11019]
				},
				"LegrightBone3": {
					"rotation": [27.5, 0, 0]
				},
				"Legrighthoof4": {
					"rotation": [72.5, 0, 0]
				},
				"tail": {
					"rotation": [-7.19639, -23.21202, 20.46904]
				},
				"tail1": {
					"rotation": [-16.45782, -29.921, 25.00297]
				},
				"tail2": {
					"rotation": [14.03231, -17.49616, -0.66326]
				}
			}
		},
		"computer": {
			"animation_length": 3.0417,
			"bones": {
				"body": {
					"rotation": [-65, 0, 0],
					"position": [0, -7, 0]
				},
				"BodyUpper": {
					"rotation": {
						"0.0": [-10, 0, 0],
						"1.5": [-10.5, 0, 0],
						"2.9583": [-10, 0, 0]
					}
				},
				"breatheblock": {
					"position": {
						"0.0": [0, 0, 0],
						"1.5": [0, -0.05, -0.1],
						"3.0417": [0, 0, 0]
					},
					"scale": {
						"0.0": [1, 1, 1],
						"1.5": [1, 1.05, 1.05],
						"3.0417": [1, 1, 1]
					}
				},
				"neck": {
					"rotation": [80, 0, 0]
				},
				"armRight": {
					"rotation": [74.9453, 4.82922, -1.29717],
					"position": [0, 0, -1]
				},
				"armLeft": {
					"rotation": [74.9453, -4.82922, 1.29717],
					"position": [0, 0, -1]
				},
				"legLeft": {
					"rotation": [10.03793, -0.43399, -9.99067]
				},
				"LegleftBone1": {
					"rotation": [77.5, 0, 0]
				},
				"LegleftBone2": {
					"rotation": [-143.43866, -12.2403, 8.73739]
				},
				"LegleftBone3": {
					"rotation": [30, 0, 0]
				},
				"Leglefthoof": {
					"rotation": [60, 0, 0]
				},
				"legRight": {
					"rotation": [22.19157, -3.81024, 9.25249]
				},
				"LegrightBone1": {
					"rotation": [79.00203, 22.74008, 28.74861]
				},
				"LegrightBone2": {
					"rotation": [-148.17815, -9.54385, 8.11019]
				},
				"LegrightBone3": {
					"rotation": [27.5, 0, 0]
				},
				"Legrighthoof4": {
					"rotation": [72.5, 0, 0]
				},
				"tail": {
					"rotation": [-7.19639, -23.21202, 20.46904]
				},
				"tail1": {
					"rotation": [-16.45782, -29.921, 25.00297]
				},
				"tail2": {
					"rotation": [14.03231, -17.49616, -0.66326]
				}
			}
		},
		"keyboard": {
			"animation_length": 3.0417,
			"bones": {
				"body": {
					"rotation": [-65, 0, 0],
					"position": [0, -7, 0]
				},
				"BodyUpper": {
					"rotation": {
						"0.0": [-10, 0, 0],
						"1.5": [-10.5, 0, 0],
						"2.9583": [-10, 0, 0]
					}
				},
				"breatheblock": {
					"position": {
						"0.0": [0, 0, 0],
						"1.5": [0, -0.05, -0.1],
						"3.0417": [0, 0, 0]
					},
					"scale": {
						"0.0": [1, 1, 1],
						"1.5": [1, 1.05, 1.05],
						"3.0417": [1, 1, 1]
					}
				},
				"neck": {
					"rotation": [80, 0, 0]
				},
				"armRight": {
					"rotation": [74.9453, 4.82922, -1.29717],
					"position": [0, 0, -1]
				},
				"armLeft": {
					"rotation": [74.9453, -4.82922, 1.29717],
					"position": [0, 0, -1]
				},
				"legLeft": {
					"rotation": [10.03793, -0.43399, -9.99067]
				},
				"LegleftBone1": {
					"rotation": [77.5, 0, 0]
				},
				"LegleftBone2": {
					"rotation": [-143.43866, -12.2403, 8.73739]
				},
				"LegleftBone3": {
					"rotation": [30, 0, 0]
				},
				"Leglefthoof": {
					"rotation": [60, 0, 0]
				},
				"legRight": {
					"rotation": [22.19157, -3.81024, 9.25249]
				},
				"LegrightBone1": {
					"rotation": [79.00203, 22.74008, 28.74861]
				},
				"LegrightBone2": {
					"rotation": [-148.17815, -9.54385, 8.11019]
				},
				"LegrightBone3": {
					"rotation": [27.5, 0, 0]
				},
				"Legrighthoof4": {
					"rotation": [72.5, 0, 0]
				},
				"tail": {
					"rotation": [-7.19639, -23.21202, 20.46904]
				},
				"tail1": {
					"rotation": [-8.25164, -11.94505, 2.56853]
				},
				"tail2": {
					"rotation": [12.12679, 7.47228, 20.39417]
				},
				"tail3": {
					"rotation": [0, 15, 5]
				}
			}
		},
		"hold_mainhand:gohei": {
			"loop": true,
			"bones": {
				"RightHandLocator": {
					"rotation": [0, -92.5, 0],
					"position": [0, -0.75, -1.5]
				}
			}
		},
		"use_mainhand:gohei": {
			"animation_length": 0.1667,
			"bones": {
				"BodyUpper": {
					"rotation": {
						"0.0": [15, 0, 0],
						"0.1667": [0, 0, 0]
					}
				},
				"neck": {
					"rotation": {
						"0.0": [40, 0, 0],
						"0.1667": [0, 0, 0]
					}
				},
				"head": {
					"rotation": {
						"0.0": [-32.5, 0, 0],
						"0.1667": [0, 0, 0]
					}
				},
				"armRight": {
					"rotation": {
						"0.0": [-17.5, 0, 0],
						"0.1667": [0, 0, 0]
					}
				},
				"armRightlower": {
					"rotation": {
						"0.0": [-2.5, 0, 0],
						"0.1667": [0, 0, 0]
					}
				},
				"armLeft": {
					"rotation": {
						"0.0": [-17.5, 0, 0],
						"0.1667": [0, 0, 0]
					}
				},
				"armLeftlower": {
					"rotation": {
						"0.0": [-2.5, 0, 0],
						"0.1667": [0, 0, 0]
					}
				},
				"RightHandLocator": {
					"rotation": [0, -92.5, 0],
					"position": [0, -0.75, -1.5]
				}
			}
		},
		"--------------mainhand-------------": {
			"loop": true
		},
		"use_mainhand": {
			"animation_length": 0.1667,
			"bones": {
				"head": {
					"rotation": {
						"0.0": [30, 0, 0],
						"0.1667": [0, 0, 0]
					}
				}
			}
		},
		"backup_use_mainhand": {
			"animation_length": 0.1667,
			"bones": {
				"BodyUpper": {
					"rotation": {
						"0.0": [15, 0, 0],
						"0.1667": [0, 0, 0]
					}
				},
				"neck": {
					"rotation": {
						"0.0": [40, 0, 0],
						"0.1667": [0, 0, 0]
					}
				},
				"head": {
					"rotation": {
						"0.0": [-32.5, 0, 0],
						"0.1667": [0, 0, 0]
					}
				},
				"armRight": {
					"rotation": {
						"0.0": [-17.5, 0, 0],
						"0.1667": [0, 0, 0]
					}
				},
				"armRightlower": {
					"rotation": {
						"0.0": [-2.5, 0, 0],
						"0.1667": [0, 0, 0]
					}
				},
				"armLeft": {
					"rotation": {
						"0.0": [-17.5, 0, 0],
						"0.1667": [0, 0, 0]
					}
				},
				"armLeftlower": {
					"rotation": {
						"0.0": [-2.5, 0, 0],
						"0.1667": [0, 0, 0]
					}
				}
			}
		},
		"swing_hand": {
			"animation_length": 0.1667,
			"bones": {
				"head": {
					"rotation": {
						"0.0": [30, 0, 0],
						"0.1667": [0, 0, 0]
					}
				}
			}
		},
		"use_mainhand:bow": {
			"animation_length": 1,
			"bones": {
				"body": {
					"rotation": [-80, 0, 0]
				},
				"BodyUpper": {
					"rotation": {
						"0.0": [-12.5, 0, 0],
						"1.0": [-4.3361, -11.73507, -69.55418]
					}
				},
				"neck": {
					"rotation": {
						"0.0": [92.30991, 0.95645, -22.48072],
						"1.0": [92.5, 0, 0]
					}
				},
				"head": {
					"rotation": {
						"0.0": [0, 17.5, 0],
						"1.0": [0, 65, 0]
					}
				},
				"RightHandLocator": {
					"rotation": [-105.02843, 19.94497, -0.77665],
					"position": {
						"0.0": [-0.5, -5, -8],
						"1.0": [1.5, -5, -8]
					}
				},
				"Leftopen": {
					"scale": [1, 0, 1]
				},
				"Leftclose": {
					"scale": [1, 0, 1]
				},
				"Leftouch": {
					"scale": 1
				},
				"Rightiris": {
					"position": [0, -0.25, 0]
				},
				"armRight": {
					"rotation": {
						"0.0": [-180, 87.5, -190],
						"1.0": [-180, 82.5, -112.5]
					},
					"position": [-1, 1, -1]
				},
				"armRightlower": {
					"rotation": [15, 0, 0]
				},
				"righthandhoof": {
					"rotation": [45, 0, 0]
				},
				"armLeft": {
					"rotation": {
						"0.0": [0, -2.5, 0],
						"0.5": [-20.26461, -77.14878, 18.9196],
						"1.0": [-162.5, -77.5, 82.5]
					},
					"position": [1, 0, -1]
				},
				"armLeftlower": {
					"rotation": {
						"0.0": [44.10872, -84.41125, -26.49955],
						"0.5": [107.16965, -2.20645, -13.53644],
						"1.0": [170, 0, 0]
					}
				},
				"lefthandhoof": {
					"rotation": {
						"0.0": [47.5, 0, 0],
						"1.0": [32.5, 0, 0]
					}
				},
				"legLeft": {
					"rotation": [70, 0, 0]
				},
				"legRight": {
					"rotation": [62.5, 0, 0]
				}
			}
		},
		"use_mainhand:eat": {
			"animation_length": 0.9167,
			"bones": {
				"neck": {
					"rotation": {
						"0.0": [7.5, 0, 0],
						"0.125": [32.5, 0, 0],
						"0.25": [7.5, 0, 0],
						"0.375": [32.5, 0, 0],
						"0.5417": [7.5, 0, 0],
						"0.6667": [32.5, 0, 0],
						"0.7917": [7.5, 0, 0],
						"0.9167": [32.5, 0, 0]
					}
				},
				"head": {
					"rotation": {
						"0.0": [0, 0, 0],
						"0.125": [-15, 0, 0],
						"0.25": [0, 0, 0],
						"0.375": [-15, 0, 0],
						"0.5417": [0, 0, 0],
						"0.6667": [-15, 0, 0],
						"0.7917": [0, 0, 0],
						"0.9167": [-15, 0, 0]
					}
				}
			}
		},
		"use_mainhand:drink": {
			"animation_length": 1.0833,
			"bones": {
				"neck": {
					"rotation": [-15, 0, 0]
				},
				"head": {
					"rotation": [-35, 0, 0],
					"position": {
						"0.0": [0, 0.25, -0.25],
						"0.1667": [0, -0.25, 0.25],
						"0.2917": [0, 0.25, -0.25],
						"0.4583": [0, -0.25, 0.25],
						"0.625": [0, 0.25, -0.25],
						"0.7917": [0, -0.25, 0.25],
						"0.9167": [0, 0.25, -0.25],
						"1.0833": [0, -0.25, 0.25]
					}
				},
				"RightHandLocator": {
					"rotation": [-12.5, 0, 0]
				}
			}
		},
		"use_mainhand:crossbow": {
			"animation_length": 1,
			"bones": {
				"body": {
					"rotation": [-80, 0, 0]
				},
				"BodyUpper": {
					"rotation": {
						"0.0": [-12.5, 0, 0],
						"1.0": [-4.3361, -11.73507, -69.55418]
					}
				},
				"neck": {
					"rotation": {
						"0.0": [92.30991, 0.95645, -22.48072],
						"1.0": [92.5, 0, 0]
					}
				},
				"head": {
					"rotation": {
						"0.0": [0, 17.5, 0],
						"1.0": [0, 65, 0]
					}
				},
				"RightHandLocator": {
					"rotation": [-105.17675, -0.03789, -1.62175],
					"position": {
						"0.0": [-0.5, -5, -8],
						"1.0": [1.5, -5, -8]
					}
				},
				"Leftopen": {
					"scale": [1, 0, 1]
				},
				"Leftclose": {
					"scale": [1, 0, 1]
				},
				"Leftouch": {
					"scale": 1
				},
				"Rightiris": {
					"position": [0, -0.25, 0]
				},
				"armRight": {
					"rotation": {
						"0.0": [-180, 87.5, -190],
						"1.0": [-180, 82.5, -112.5]
					},
					"position": [-1, 1, -1]
				},
				"armRightlower": {
					"rotation": [15, 0, 0]
				},
				"righthandhoof": {
					"rotation": [45, 0, 0]
				},
				"armLeft": {
					"rotation": {
						"0.0": [-34.95301, 62.61651, -22.75331],
						"1.0": [-49.50028, 19.02911, 19.29944]
					},
					"position": [1, 0, -1]
				},
				"armLeftlower": {
					"rotation": {
						"0.0": [44.10872, -84.41125, -26.49955],
						"1.0": [106.60872, -84.41125, -26.49955]
					}
				},
				"lefthandhoof": {
					"rotation": [47.5, 0, 0]
				},
				"legLeft": {
					"rotation": [70, 0, 0]
				},
				"legRight": {
					"rotation": [62.5, 0, 0]
				}
			}
		},
		"hold_mainhand:shield": {
			"animation_length": 2,
			"bones": {
				"RightHandLocator": {
					"rotation": [80.94236, -27.24513, -3.88714],
					"position": {
						"0.0": [-9, 0, 3],
						"1.0": [-9, 2, 3],
						"2.0": [-9, 0, 3]
					}
				},
				"magic": {
					"rotation": [90, -2.5, -90],
					"position": [-3.5, 2.5, 3],
					"scale": [2.3, 2.1, 2.3]
				},
				"hornmagic": {
					"position": {
						"0.0": [0, 0.5, 0],
						"1.0": [0, 0, 0],
						"2.0": [0, 0.5, 0]
					},
					"scale": 1
				}
			},
			"particle_effects": {
				"0.0": {
					"effect": "magic",
					"locator": "magic_shield"
				}
			}
		},
		"use_mainhand:shield": {
			"animation_length": 2,
			"bones": {
				"RightHandLocator": {
					"rotation": [96.14436, -71.0069, -22.48839],
					"position": {
						"0.0": [-5, 0, -5],
						"1.0": [-5, 1, -5],
						"2.0": [-5, 0, -5]
					}
				},
				"magic": {
					"rotation": [90, -2.5, -90],
					"position": [-3.5, 2.5, 3],
					"scale": [2.3, 2.1, 2.3]
				},
				"hornmagic": {
					"position": {
						"0.0": [0, 0.5, 0],
						"1.0": [0, 0, 0],
						"2.0": [0, 0.5, 0]
					},
					"scale": 1
				}
			}
		},
		"swing:sword": {
			"animation_length": 1.25,
			"bones": {
				"BodyUpper": {
					"rotation": {
						"0.0": [23.06745, -34.39275, 12.14787],
						"0.125": [20.63, -29.63, 11.62],
						"0.3333": [-6.20207, 22.79067, 5.80841],
						"0.4583": [-7.48937, 40.16889, 3.37181],
						"0.625": [-6.20207, 22.79067, 5.80841],
						"0.75": [-6.20207, 22.79067, 5.80841],
						"0.8542": [-5.3, 21.52, 5.49],
						"1.0": [1.89897, 11.39533, 2.90421],
						"1.125": [0, 0, 0]
					}
				},
				"neck": {
					"rotation": {
						"0.0": [7.5, -37.5, 12.5],
						"0.0208": [7.52615, -37.60991, 12.61143],
						"0.0417": [7.62837, -38.03939, 13.04684],
						"0.0625": [8.14706, -40.21109, 15.24809],
						"0.0833": [7.99782, -39.5744, 14.60203],
						"0.1042": [7.70596, -38.33949, 13.34956],
						"0.125": [7.37, -36.92, 11.91],
						"0.1458": [6.33302, -32.48842, 7.41282],
						"0.1667": [5.58263, -29.25686, 4.13199],
						"0.1875": [4.71062, -25.49138, 0.30852],
						"0.2083": [3.75326, -21.34971, -3.89737],
						"0.2292": [1.76371, -12.72693, -12.65477],
						"0.25": [0.83078, -8.67848, -16.7667],
						"0.2708": [0.0026, -5.08241, -20.4193],
						"0.2917": [-0.68103, -2.11253, -23.43594],
						"0.3125": [-1.50209, 1.45618, -27.06095],
						"0.3333": [-1.60757, 1.91486, -27.52687],
						"0.3958": [-1.65887, 14.40982, -27.88607],
						"0.4583": [0.11735, 5.56959, -27.56436],
						"0.5417": [0.11735, 5.56959, -27.56436],
						"0.75": [0.11735, 5.56959, -27.56436],
						"0.9375": [2.65, 5.06, -26.03],
						"1.0": [22.94622, 0.95743, -13.76343],
						"1.125": [7.52615, -37.60991, 12.61143]
					}
				},
				"head": {
					"rotation": {
						"0.0": [-5.11247, -34.55892, 11.98476],
						"0.0208": [-5.11429, -34.69693, 11.99513],
						"0.0417": [-5.12138, -35.23615, 12.03561],
						"0.0625": [-5.15657, -37.9604, 12.23802],
						"0.0833": [-5.14523, -37.15794, 12.17513],
						"0.1042": [-5.12411, -35.60473, 12.05615],
						"0.125": [-5.1, -33.82, 11.92],
						"0.1458": [-5.02045, -28.23234, 11.48002],
						"0.1667": [-4.96035, -24.15004, 11.15192],
						"0.1875": [-4.88948, -19.39012, 10.76664],
						"0.2083": [-4.81088, -14.15231, 10.34065],
						"0.2292": [-4.64594, -3.24257, 9.4492],
						"0.25": [-4.56807, 1.88119, 9.02917],
						"0.2708": [-4.49872, 6.43309, 8.65545],
						"0.2917": [-4.44133, 10.19279, 8.34639],
						"0.3125": [-4.37221, 14.71115, 7.97448],
						"0.3333": [-4.36331, 15.29195, 7.92662],
						"0.3958": [9.40725, 37.87404, 25.23673],
						"0.4583": [21.84945, 31.67013, 24.69877],
						"0.5417": [21.85, 31.67, 24.7],
						"0.6875": [21.84945, 31.67013, 24.69877],
						"0.9375": [20.64, 28.79, 23.18],
						"1.125": [0.06071, -20.09344, -2.70155]
					},
					"scale": {
						"0.0": [1.1, 0.9, 1],
						"0.4167": [0.9, 1.1, 1],
						"0.5417": [1, 1, 1]
					}
				},
				"RightHandLocator": {
					"rotation": {
						"0.0": [74.88443, -0.75155, -72.51564],
						"0.3333": [23.13603, -5.22051, -86.85769],
						"0.4167": [22.83247, -2.756, -82.49636],
						"0.4583": [24.9203, 13.71001, -63.41051],
						"0.6875": [34.9203, 13.71001, -63.41051],
						"0.9375": [40.42, 17.4, -60.24],
						"1.125": [145, 87.5, 0]
					},
					"position": [0, -0.75, -1.5]
				},
				"armRight": {
					"rotation": {
						"0.0": [0, 0, 0],
						"0.1667": [5, -9.85, 0],
						"0.3542": [0, -65, 0],
						"0.4583": [0, -85, 0],
						"0.5833": [0, -65, 0],
						"1.0": [0, -30, 0],
						"1.25": [0, 0, 0]
					}
				},
				"armRightlower": {
					"rotation": {
						"0.0": [-22.5, 0, 0],
						"0.1667": [-13.82, 0, 0],
						"0.3542": [22.5, 0, 0],
						"0.5833": [22.5, 0, 0],
						"1.0": [20.39, 0, 0],
						"1.25": [0, 0, 0]
					}
				},
				"righthandhoof": {
					"rotation": {
						"0.0": [0, 0, -20],
						"0.3542": [-15.69571, 5.02029, -17.97843]
					}
				},
				"bone": {
					"rotation": [0, 0, 0]
				},
				"armLeft": {
					"rotation": {
						"0.0": [-42.94761, 2.55868, -19.8423],
						"0.1667": [-6.99, -1.89, -19.73],
						"0.3333": [22.9891, -21.17378, -19.22719],
						"0.625": [22.9891, -21.17378, -19.22719],
						"0.875": [3.36104, -18.75448, -17.0288],
						"1.25": [0, 0, 0]
					}
				},
				"armLeftlower": {
					"rotation": {
						"0.0": [0, 0, 0],
						"0.3333": [22.5, 0, 0],
						"0.625": [22.5, 0, 0],
						"0.875": [8.29, 0, 0],
						"1.25": [0, 0, 0]
					}
				},
				"Leftopen": {
					"scale": {
						"0.0": [1, 0, 1],
						"0.7292": [1, 0, 1],
						"0.75": [1, 1, 1]
					}
				},
				"Leftclose": {
					"scale": [1, 0, 1]
				},
				"Leftouch": {
					"scale": {
						"0.0": [1, 1, 1],
						"0.7292": [1, 1, 1],
						"0.75": [1, 0, 1]
					}
				},
				"Rightopen": {
					"scale": {
						"0.0": [1, 0, 1],
						"0.7292": [1, 0, 1],
						"0.75": [1, 1, 1]
					}
				},
				"Rightclose": {
					"scale": [1, 0, 1]
				},
				"Rightouch": {
					"scale": {
						"0.0": [1, 1, 1],
						"0.7292": [1, 1, 1],
						"0.75": [1, 0, 1]
					}
				}
			}
		},
		"hold_mainhand:sword": {
			"loop": true,
			"bones": {
				"RightHandLocator": {
					"rotation": [-165, -87.5, -180],
					"position": [0, -0.75, -1.5]
				},
				"head": {
					"rotation": [1.87797, -33.90261, 12.16071]
				},
				"Leftiris": {
					"position": [0, 0, 0]
				},
				"Rightiris": {
					"position": [0, 0, 1]
				}
			}
		},
		"hold_mainhand:bow": {
			"loop": true,
			"bones": {
				"RightHandLocator": {
					"rotation": [75.21994, 19.82169, -82.02468],
					"position": [0, -1.75, -3.5]
				}
			}
		},
		"hold_mainhand:spear": {
			"loop": true,
			"bones": {
				"RightHandLocator": {
					"rotation": [0, -92.5, 0],
					"position": [0, -0.75, -1.5]
				}
			}
		},
		"hold_mainhand:pickaxe": {
			"loop": true,
			"bones": {
				"RightHandLocator": {
					"rotation": [0, -92.5, 0],
					"position": [0, -0.75, -1.5]
				}
			}
		},
		"hold_mainhand:shovel": {
			"loop": true,
			"bones": {
				"RightHandLocator": {
					"rotation": [0, -92.5, 0],
					"position": [0, -0.75, -1.5]
				}
			}
		},
		"hold_mainhand:hoe": {
			"loop": true,
			"bones": {
				"RightHandLocator": {
					"rotation": [0, -92.5, 0],
					"position": [0, -0.75, -1.5]
				}
			}
		},
		"hold_mainhand:axe": {
			"loop": true,
			"bones": {
				"RightHandLocator": {
					"rotation": [0, -92.5, 0],
					"position": [0, -0.75, -1.5]
				}
			}
		},
		"hold_mainhand:crossbow": {
			"loop": true,
			"bones": {
				"RightHandLocator": {
					"rotation": [-39.93289, 59.93255, 53.25655],
					"position": [1, -2.5, -3.5]
				}
			}
		},
		"hold_mainhand:charged_crossbow": {
			"loop": true,
			"bones": {
				"body": {
					"rotation": [-80, 0, 0]
				},
				"BodyUpper": {
					"rotation": [-4.3361, -11.73507, -69.55418]
				},
				"neck": {
					"rotation": [92.5, 0, 0]
				},
				"head": {
					"rotation": [0, 65, 0]
				},
				"RightHandLocator": {
					"rotation": [-105.17675, -0.03789, -1.62175],
					"position": [1.5, -5, -8]
				},
				"Leftopen": {
					"scale": [1, 0, 1]
				},
				"Leftclose": {
					"scale": [1, 0, 1]
				},
				"Leftouch": {
					"scale": 1
				},
				"Rightiris": {
					"position": [0, -0.25, 0]
				},
				"armRight": {
					"rotation": [-180, 82.5, -112.5],
					"position": [-1, 1, -1]
				},
				"armRightlower": {
					"rotation": [15, 0, 0]
				},
				"righthandhoof": {
					"rotation": [45, 0, 0]
				},
				"armLeft": {
					"rotation": [-49.50028, 19.02911, 19.29944],
					"position": [1, 0, -1]
				},
				"armLeftlower": {
					"rotation": [106.60872, -84.41125, -26.49955]
				},
				"lefthandhoof": {
					"rotation": [47.5, 0, 0]
				},
				"legLeft": {
					"rotation": [70, 0, 0]
				},
				"legRight": {
					"rotation": [62.5, 0, 0]
				}
			}
		},
		"--------------offhand-------------": {
			"loop": true
		},
		"use_offhand": {
			"animation_length": 0.3333,
			"bones": {
				"armLeft": {
					"rotation": {
						"0.0": [-19.44093, -5.73576, -11.12501],
						"0.1667": [-27.5, 0, 0],
						"0.3333": [-20.20884, 1.1089, 7.69403]
					}
				}
			}
		},
		"use_offhand:eat": {
			"animation_length": 0.9167,
			"bones": {
				"LeftHandLocator": {
					"position": [0, -3, -10]
				},
				"neck": {
					"rotation": {
						"0.0": [17.5, 0, 0],
						"0.125": [32.5, 0, 0],
						"0.25": [17.5, 0, 0],
						"0.375": [32.5, 0, 0],
						"0.5417": [17.5, 0, 0],
						"0.6667": [32.5, 0, 0],
						"0.7917": [17.5, 0, 0],
						"0.9167": [32.5, 0, 0]
					}
				},
				"head": {
					"rotation": {
						"0.0": [10, 0, 0],
						"0.125": [0, 0, 0],
						"0.25": [10, 0, 0],
						"0.375": [0, 0, 0],
						"0.5417": [10, 0, 0],
						"0.6667": [0, 0, 0],
						"0.7917": [10, 0, 0],
						"0.9167": [0, 0, 0]
					}
				},
				"RightHandLocator": {
					"rotation": [-27.5, 0, 0],
					"position": [0, -5, 10]
				},
				"armLeft": {
					"rotation": [-134.56754, -7.64427, 173.53365]
				},
				"armLeftlower": {
					"rotation": [105, 0, 0]
				},
				"lefthandhoof": {
					"rotation": [22.5, 0, 0]
				}
			}
		},
		"use_offhand:drink": {
			"loop": true
		},
		"use_offhand:shield": {
			"loop": true,
			"bones": {
				"LeftHandLocator": {
					"rotation": [-99.5468, 70.9447, 6.79827],
					"position": [2, 0, -15]
				},
				"magicLeft": {
					"rotation": [90, 0, -90],
					"position": [3.5, 2.5, 3],
					"scale": [2.3, 2.1, 2.3]
				}
			}
		},
		"hold_offhand:shield": {
			"animation_length": 2,
			"bones": {
				"LeftHandLocator": {
					"rotation": [-101.26912, 38.46175, 4.7723],
					"position": {
						"0.0": [7, 0, -8],
						"1.0": [7, 2, -8],
						"2.0": [7, 0, -8]
					}
				},
				"magicLeft": {
					"rotation": [90, 0, -90],
					"position": [3.5, 2.5, 3],
					"scale": [2.3, 2.1, 2.3]
				},
				"hornmagic": {
					"position": {
						"0.0": [0, 0, 0],
						"1.0": [0, 0.5, 0],
						"2.0": [0, 0, 0]
					},
					"scale": {
						"0.0": [1, 1, 1],
						"2.0": [1, 1, 1]
					}
				}
			}
		},
		"hold_offhand:bow": {
			"loop": true,
			"bones": {
				"LeftHandLocator": {
					"rotation": [88.2198, 18.62164, -93.80606],
					"position": [-1, 0.75, -3.25]
				}
			}
		},
		"hold_offhand:spear": {
			"loop": true,
			"bones": {
				"LeftHandLocator": {
					"rotation": [90.58619, 17.07228, -86.09601],
					"position": [-1, -1.25, -4.25]
				}
			}
		},
		"hold_offhand:hoe": {
			"loop": true,
			"bones": {
				"LeftHandLocator": {
					"rotation": [90.58619, 17.07228, -86.09601],
					"position": [-5, -1.25, -5.25]
				}
			}
		},
		"hold_offhand:axe": {
			"loop": true,
			"bones": {
				"LeftHandLocator": {
					"rotation": [90.58619, 17.07228, -86.09601],
					"position": [-5, -1.25, -5.25]
				}
			}
		},
		"hold_offhand:pickaxe": {
			"loop": true,
			"bones": {
				"LeftHandLocator": {
					"rotation": [90.58619, 17.07228, -86.09601],
					"position": [-5, -1.25, -5.25]
				}
			}
		},
		"hold_offhand:shovel": {
			"loop": true,
			"bones": {
				"LeftHandLocator": {
					"rotation": [90.58619, 17.07228, -86.09601],
					"position": [-5, -1.25, -5.25]
				}
			}
		},
		"hold_offhand:sword": {
			"loop": true,
			"bones": {
				"LeftHandLocator": {
					"rotation": [90.58619, 17.07228, -86.09601],
					"position": [-5, -1.25, -5.25]
				}
			}
		},
		"hold_offhand:crossbow": {
			"loop": true,
			"bones": {
				"LeftHandLocator": {
					"rotation": [48.98038, 52.05719, 160.70701],
					"position": [1, -1.25, -3.25]
				}
			}
		},
		"hold_offhand:charged_crossbow": {
			"loop": true,
			"bones": {
				"LeftHandLocator": {
					"rotation": [48.98038, 52.05719, 160.70701],
					"position": [1, -1.25, -3.25]
				}
			}
		}
	}
}